logg,Teff,Z,xi,aLSM,bLSM
3.5,4000,-5.0,2.0,-0.0481,0.4858
3.5,4250,-5.0,2.0,0.0394,0.4041
4.0,4250,-5.0,2.0,-0.0065,0.4091
3.5,4500,-5.0,2.0,0.0941,0.4037
4.0,4500,-5.0,2.0,0.0326,0.4183
3.5,4750,-5.0,2.0,0.1689,0.3631
4.0,4750,-5.0,2.0,0.1062,0.3961
4.5,4750,-5.0,2.0,0.051,0.4097
3.5,5000,-5.0,2.0,0.1914,0.3489
4.0,5000,-5.0,2.0,0.1722,0.3557
4.5,5000,-5.0,2.0,0.1276,0.378
5.0,5000,-5.0,2.0,0.0953,0.3795
3.5,5250,-5.0,2.0,0.201,0.3366
4.0,5250,-5.0,2.0,0.1939,0.34
4.5,5250,-5.0,2.0,0.1644,0.3556
5.0,5250,-5.0,2.0,0.1158,0.3811
3.5,5500,-5.0,2.0,0.2155,0.3197
4.0,5500,-5.0,2.0,0.1998,0.33
4.5,5500,-5.0,2.0,0.1792,0.3416
5.0,5500,-5.0,2.0,0.1506,0.3584
3.5,5750,-5.0,2.0,0.2215,0.3078
4.0,5750,-5.0,2.0,0.2111,0.3157
4.5,5750,-5.0,2.0,0.1938,0.3273
5.0,5750,-5.0,2.0,0.171,0.3418
3.5,6000,-5.0,2.0,0.224,0.2988
4.0,6000,-5.0,2.0,0.2194,0.3026
4.5,6000,-5.0,2.0,0.2074,0.3108
5.0,6000,-5.0,2.0,0.1877,0.3249
3.5,6250,-5.0,2.0,0.2246,0.2915
4.0,6250,-5.0,2.0,0.2196,0.2957
4.5,6250,-5.0,2.0,0.2084,0.3041
5.0,6250,-5.0,2.0,0.1989,0.3106
3.5,6500,-5.0,2.0,0.2189,0.2892
4.0,6500,-5.0,2.0,0.2177,0.2904
4.5,6500,-5.0,2.0,0.213,0.294
5.0,6500,-5.0,2.0,0.2023,0.302
3.5,6750,-5.0,2.0,0.2085,0.2912
4.0,6750,-5.0,2.0,0.2105,0.2898
4.5,6750,-5.0,2.0,0.2103,0.29
5.0,6750,-5.0,2.0,0.2049,0.2941
3.5,7000,-5.0,2.0,0.1951,0.2959
4.0,7000,-5.0,2.0,0.1999,0.2924
4.5,7000,-5.0,2.0,0.2033,0.2898
5.0,7000,-5.0,2.0,0.2008,0.2918
3.5,7250,-5.0,2.0,0.1836,0.2982
4.0,7250,-5.0,2.0,0.1862,0.2972
4.5,7250,-5.0,2.0,0.1928,0.2925
5.0,7250,-5.0,2.0,0.1934,0.2922
3.5,7500,-5.0,2.0,0.3067,0.1858
4.0,7500,-5.0,2.0,0.1813,0.2964
4.5,7500,-5.0,2.0,0.181,0.2964
5.0,7500,-5.0,2.0,0.1828,0.2954
3.5,7750,-5.0,2.0,0.2829,0.2023
4.0,7750,-5.0,2.0,0.2903,0.1941
4.5,7750,-5.0,2.0,0.1687,0.3006
5.0,7750,-5.0,2.0,0.1712,0.2992
3.5,8000,-5.0,2.0,0.2561,0.2179
4.0,8000,-5.0,2.0,0.2679,0.2087
4.5,8000,-5.0,2.0,0.2739,0.2026
5.0,8000,-5.0,2.0,0.1578,0.3039
3.5,8250,-5.0,2.0,0.2291,0.2318
4.0,8250,-5.0,2.0,0.2435,0.2217
4.5,8250,-5.0,2.0,0.2535,0.2145
5.0,8250,-5.0,2.0,0.1514,0.3036
3.5,8500,-5.0,2.0,0.209,0.2414
4.0,8500,-5.0,2.0,0.2197,0.2311
4.5,8500,-5.0,2.0,0.233,0.2242
5.0,8500,-5.0,2.0,0.2379,0.2221
3.5,8750,-5.0,2.0,0.1923,0.2477
4.0,8750,-5.0,2.0,0.2004,0.2389
4.5,8750,-5.0,2.0,0.2104,0.2323
5.0,8750,-5.0,2.0,0.22,0.2295
3.5,9000,-5.0,2.0,0.1799,0.2499
4.0,9000,-5.0,2.0,0.1858,0.2434
4.5,9000,-5.0,2.0,0.1928,0.2364
5.0,9000,-5.0,2.0,0.1999,0.2294
3.5,9250,-5.0,2.0,0.1705,0.2505
4.0,9250,-5.0,2.0,0.1746,0.2452
4.5,9250,-5.0,2.0,0.1797,0.2404
5.0,9250,-5.0,2.0,0.1854,0.2346
3.5,9500,-5.0,2.0,0.1638,0.2496
4.0,9500,-5.0,2.0,0.1661,0.2454
4.5,9500,-5.0,2.0,0.1692,0.2422
5.0,9500,-5.0,2.0,0.1731,0.2384
3.5,9750,-5.0,2.0,0.1575,0.2494
4.0,9750,-5.0,2.0,0.1598,0.2444
4.5,9750,-5.0,2.0,0.1609,0.2425
5.0,9750,-5.0,2.0,0.1632,0.2402
3.5,10000,-5.0,2.0,0.1524,0.2487
4.0,10000,-5.0,2.0,0.1542,0.2438
4.5,10000,-5.0,2.0,0.1547,0.242
5.0,10000,-5.0,2.0,0.1557,0.2404
3.5,3750,-4.5,2.0,0.0306,0.515
3.5,4000,-4.5,2.0,-0.0155,0.4619
4.0,4000,-4.5,2.0,-0.0418,0.5121
3.5,4250,-4.5,2.0,0.0445,0.4053
4.0,4250,-4.5,2.0,0.0047,0.4123
4.5,4250,-4.5,2.0,-0.0135,0.4116
3.5,4500,-4.5,2.0,0.1275,0.3702
4.0,4500,-4.5,2.0,0.0701,0.3881
4.5,4500,-4.5,2.0,0.0278,0.3942
5.0,4500,-4.5,2.0,-0.0022,0.3892
3.5,4750,-4.5,2.0,0.1604,0.37
4.0,4750,-4.5,2.0,0.1092,0.395
4.5,4750,-4.5,2.0,0.0861,0.382
5.0,4750,-4.5,2.0,0.0478,0.3845
3.5,5000,-4.5,2.0,0.1845,0.3529
4.0,5000,-4.5,2.0,0.1573,0.3675
4.5,5000,-4.5,2.0,0.1198,0.3824
5.0,5000,-4.5,2.0,0.0646,0.4062
3.5,5250,-4.5,2.0,0.2033,0.3342
4.0,5250,-4.5,2.0,0.1822,0.3472
4.5,5250,-4.5,2.0,0.1538,0.3637
5.0,5250,-4.5,2.0,0.1155,0.3836
3.5,5500,-4.5,2.0,0.2167,0.318
4.0,5500,-4.5,2.0,0.2004,0.329
4.5,5500,-4.5,2.0,0.178,0.3434
5.0,5500,-4.5,2.0,0.1495,0.3599
3.5,5750,-4.5,2.0,0.2228,0.3064
4.0,5750,-4.5,2.0,0.2173,0.3102
4.5,5750,-4.5,2.0,0.1953,0.326
5.0,5750,-4.5,2.0,0.1725,0.341
3.5,6000,-4.5,2.0,0.2227,0.2999
4.0,6000,-4.5,2.0,0.2148,0.3063
4.5,6000,-4.5,2.0,0.2078,0.3105
5.0,6000,-4.5,2.0,0.1782,0.331
3.5,6250,-4.5,2.0,0.2248,0.291
4.0,6250,-4.5,2.0,0.2198,0.2952
4.5,6250,-4.5,2.0,0.2087,0.3035
5.0,6250,-4.5,2.0,0.1921,0.3159
3.5,6500,-4.5,2.0,0.2191,0.2887
4.0,6500,-4.5,2.0,0.2178,0.29
4.5,6500,-4.5,2.0,0.2132,0.2936
5.0,6500,-4.5,2.0,0.2026,0.3013
3.5,6750,-4.5,2.0,0.2084,0.291
4.0,6750,-4.5,2.0,0.2106,0.2895
4.5,6750,-4.5,2.0,0.2105,0.2896
5.0,6750,-4.5,2.0,0.2051,0.2936
3.5,7000,-4.5,2.0,0.1951,0.2958
4.0,7000,-4.5,2.0,0.1999,0.2922
4.5,7000,-4.5,2.0,0.2034,0.2895
5.0,7000,-4.5,2.0,0.2026,0.2902
3.5,7250,-4.5,2.0,0.1826,0.2986
4.0,7250,-4.5,2.0,0.1869,0.2967
4.5,7250,-4.5,2.0,0.1928,0.2923
5.0,7250,-4.5,2.0,0.1936,0.2918
3.5,7500,-4.5,2.0,0.3062,0.1864
4.0,7500,-4.5,2.0,0.1813,0.2963
4.5,7500,-4.5,2.0,0.1803,0.2966
5.0,7500,-4.5,2.0,0.1828,0.2951
3.5,7750,-4.5,2.0,0.2828,0.2023
4.0,7750,-4.5,2.0,0.2896,0.1946
4.5,7750,-4.5,2.0,0.1687,0.3004
5.0,7750,-4.5,2.0,0.1713,0.2989
3.5,8000,-4.5,2.0,0.2559,0.2181
4.0,8000,-4.5,2.0,0.2673,0.2093
4.5,8000,-4.5,2.0,0.2733,0.203
5.0,8000,-4.5,2.0,0.1578,0.3039
3.5,8250,-4.5,2.0,0.2293,0.2315
4.0,8250,-4.5,2.0,0.2434,0.2217
4.5,8250,-4.5,2.0,0.2533,0.2146
5.0,8250,-4.5,2.0,0.1514,0.3035
3.5,8500,-4.5,2.0,0.2087,0.2416
4.0,8500,-4.5,2.0,0.2192,0.2315
4.5,8500,-4.5,2.0,0.233,0.224
5.0,8500,-4.5,2.0,0.2379,0.2219
3.5,8750,-4.5,2.0,0.1919,0.2481
4.0,8750,-4.5,2.0,0.2001,0.2391
4.5,8750,-4.5,2.0,0.2102,0.2323
5.0,8750,-4.5,2.0,0.2198,0.2294
3.5,9000,-4.5,2.0,0.1795,0.2502
4.0,9000,-4.5,2.0,0.1855,0.2435
4.5,9000,-4.5,2.0,0.1926,0.2365
5.0,9000,-4.5,2.0,0.1998,0.2293
3.5,9250,-4.5,2.0,0.1701,0.2506
4.0,9250,-4.5,2.0,0.1745,0.2452
4.5,9250,-4.5,2.0,0.1795,0.2404
5.0,9250,-4.5,2.0,0.1852,0.2347
3.5,9500,-4.5,2.0,0.1635,0.2498
4.0,9500,-4.5,2.0,0.1662,0.2451
4.5,9500,-4.5,2.0,0.169,0.2423
5.0,9500,-4.5,2.0,0.1731,0.2382
3.5,9750,-4.5,2.0,0.1572,0.2496
4.0,9750,-4.5,2.0,0.1596,0.2444
4.5,9750,-4.5,2.0,0.1611,0.2422
5.0,9750,-4.5,2.0,0.1632,0.2401
3.5,10000,-4.5,2.0,0.1525,0.2485
4.0,10000,-4.5,2.0,0.1543,0.2436
4.5,10000,-4.5,2.0,0.1549,0.2416
5.0,10000,-4.5,2.0,0.1558,0.2402
3.5,3750,-4.0,2.0,0.0746,0.461
3.5,4000,-4.0,2.0,0.0183,0.4596
4.0,4000,-4.0,2.0,0.0154,0.4683
4.5,4000,-4.0,2.0,0.7258,0.0983
3.5,4250,-4.0,2.0,0.054,0.4076
4.0,4250,-4.0,2.0,0.0176,0.4171
3.5,4500,-4.0,2.0,0.1316,0.3694
4.0,4500,-4.0,2.0,0.0758,0.3866
4.5,4500,-4.0,2.0,0.0271,0.4042
5.0,4500,-4.0,2.0,-0.001,0.407
3.5,4750,-4.0,2.0,0.1693,0.3634
4.0,4750,-4.0,2.0,0.1377,0.3657
4.5,4750,-4.0,2.0,0.0933,0.376
5.0,4750,-4.0,2.0,0.0517,0.385
3.5,5000,-4.0,2.0,0.1878,0.3495
4.0,5000,-4.0,2.0,0.1608,0.3646
4.5,5000,-4.0,2.0,0.123,0.3813
5.0,5000,-4.0,2.0,0.1008,0.3751
3.5,5250,-4.0,2.0,0.2031,0.3337
4.0,5250,-4.0,2.0,0.1909,0.3397
4.5,5250,-4.0,2.0,0.1631,0.3545
5.0,5250,-4.0,2.0,0.1176,0.3825
3.5,5500,-4.0,2.0,0.2178,0.3169
4.0,5500,-4.0,2.0,0.2014,0.3279
4.5,5500,-4.0,2.0,0.179,0.3419
5.0,5500,-4.0,2.0,0.1512,0.3581
3.5,5750,-4.0,2.0,0.2226,0.3058
4.0,5750,-4.0,2.0,0.2124,0.3134
4.5,5750,-4.0,2.0,0.1955,0.325
5.0,5750,-4.0,2.0,0.1731,0.3397
3.5,6000,-4.0,2.0,0.2263,0.2956
4.0,6000,-4.0,2.0,0.222,0.2991
4.5,6000,-4.0,2.0,0.2087,0.309
5.0,6000,-4.0,2.0,0.1893,0.3228
3.5,6250,-4.0,2.0,0.2262,0.2886
4.0,6250,-4.0,2.0,0.2215,0.2932
4.5,6250,-4.0,2.0,0.2162,0.2968
5.0,6250,-4.0,2.0,0.1983,0.31
3.5,6500,-4.0,2.0,0.2194,0.2875
4.0,6500,-4.0,2.0,0.2181,0.2893
4.5,6500,-4.0,2.0,0.2158,0.2912
5.0,6500,-4.0,2.0,0.2057,0.2986
3.5,6750,-4.0,2.0,0.2082,0.2904
4.0,6750,-4.0,2.0,0.2105,0.2887
4.5,6750,-4.0,2.0,0.2122,0.288
5.0,6750,-4.0,2.0,0.2071,0.2918
3.5,7000,-4.0,2.0,0.195,0.2956
4.0,7000,-4.0,2.0,0.1997,0.292
4.5,7000,-4.0,2.0,0.2049,0.2881
5.0,7000,-4.0,2.0,0.2028,0.2896
3.5,7250,-4.0,2.0,0.183,0.2984
4.0,7250,-4.0,2.0,0.1869,0.2965
4.5,7250,-4.0,2.0,0.1942,0.2911
5.0,7250,-4.0,2.0,0.1958,0.2899
3.5,7500,-4.0,2.0,0.3061,0.1863
4.0,7500,-4.0,2.0,0.1822,0.2954
4.5,7500,-4.0,2.0,0.1812,0.2959
5.0,7500,-4.0,2.0,0.1848,0.2935
3.5,7750,-4.0,2.0,0.2822,0.2028
4.0,7750,-4.0,2.0,0.2895,0.1946
4.5,7750,-4.0,2.0,0.1697,0.2995
5.0,7750,-4.0,2.0,0.1726,0.2978
3.5,8000,-4.0,2.0,0.2554,0.2183
4.0,8000,-4.0,2.0,0.2672,0.2092
4.5,8000,-4.0,2.0,0.2731,0.2031
5.0,8000,-4.0,2.0,0.1591,0.3028
3.5,8250,-4.0,2.0,0.2288,0.2319
4.0,8250,-4.0,2.0,0.2429,0.222
4.5,8250,-4.0,2.0,0.253,0.2147
5.0,8250,-4.0,2.0,0.1521,0.3027
3.5,8500,-4.0,2.0,0.2083,0.242
4.0,8500,-4.0,2.0,0.2191,0.2314
4.5,8500,-4.0,2.0,0.2323,0.2245
5.0,8500,-4.0,2.0,0.2377,0.2219
3.5,8750,-4.0,2.0,0.1922,0.2477
4.0,8750,-4.0,2.0,0.2001,0.239
4.5,8750,-4.0,2.0,0.2099,0.2323
5.0,8750,-4.0,2.0,0.22,0.2291
3.5,9000,-4.0,2.0,0.1796,0.2501
4.0,9000,-4.0,2.0,0.1857,0.2433
4.5,9000,-4.0,2.0,0.1925,0.2365
5.0,9000,-4.0,2.0,0.1997,0.2293
3.5,9250,-4.0,2.0,0.1702,0.2506
4.0,9250,-4.0,2.0,0.1745,0.245
4.5,9250,-4.0,2.0,0.1792,0.2407
5.0,9250,-4.0,2.0,0.1849,0.2348
3.5,9500,-4.0,2.0,0.163,0.2502
4.0,9500,-4.0,2.0,0.1662,0.245
4.5,9500,-4.0,2.0,0.1687,0.2424
5.0,9500,-4.0,2.0,0.173,0.2382
3.5,9750,-4.0,2.0,0.1574,0.2493
4.0,9750,-4.0,2.0,0.1594,0.2445
4.5,9750,-4.0,2.0,0.161,0.2421
5.0,9750,-4.0,2.0,0.1632,0.2399
3.5,10000,-4.0,2.0,0.1523,0.2486
4.0,10000,-4.0,2.0,0.1541,0.2436
4.5,10000,-4.0,2.0,0.155,0.2413
5.0,10000,-4.0,2.0,0.1557,0.2402
3.5,3500,-3.5,2.0,0.0943,0.4706
3.5,3750,-3.5,2.0,0.0592,0.4659
4.0,3750,-3.5,2.0,0.0534,0.4876
3.5,4000,-3.5,2.0,0.0308,0.4761
4.0,4000,-3.5,2.0,0.0205,0.4846
4.5,4000,-3.5,2.0,0.0385,0.4575
3.5,4250,-3.5,2.0,0.0431,0.4665
4.0,4250,-3.5,2.0,0.0035,0.4837
4.5,4250,-3.5,2.0,-0.0142,0.5
3.5,4500,-3.5,2.0,0.1415,0.3694
4.0,4500,-3.5,2.0,0.0879,0.3868
4.5,4500,-3.5,2.0,0.0463,0.3974
5.0,4500,-3.5,2.0,0.0114,0.4206
3.5,4750,-3.5,2.0,0.1761,0.3595
4.0,4750,-3.5,2.0,0.1452,0.3621
4.5,4750,-3.5,2.0,0.095,0.3806
5.0,4750,-3.5,2.0,0.0291,0.4253
3.5,5000,-3.5,2.0,0.1927,0.3439
4.0,5000,-3.5,2.0,0.165,0.3599
4.5,5000,-3.5,2.0,0.1249,0.3801
5.0,5000,-3.5,2.0,0.0803,0.4029
3.5,5250,-3.5,2.0,0.2087,0.3273
4.0,5250,-3.5,2.0,0.1893,0.34
4.5,5250,-3.5,2.0,0.1622,0.3553
5.0,5250,-3.5,2.0,0.1235,0.3772
3.5,5500,-3.5,2.0,0.2219,0.312
4.0,5500,-3.5,2.0,0.2052,0.3234
4.5,5500,-3.5,2.0,0.184,0.3363
5.0,5500,-3.5,2.0,0.16,0.3482
3.5,5750,-3.5,2.0,0.2293,0.2989
4.0,5750,-3.5,2.0,0.2168,0.3078
4.5,5750,-3.5,2.0,0.1997,0.3204
5.0,5750,-3.5,2.0,0.1768,0.3352
3.5,6000,-3.5,2.0,0.2309,0.2904
4.0,6000,-3.5,2.0,0.2244,0.2953
4.5,6000,-3.5,2.0,0.213,0.3038
5.0,6000,-3.5,2.0,0.1912,0.3194
3.5,6250,-3.5,2.0,0.2277,0.2865
4.0,6250,-3.5,2.0,0.2235,0.2898
4.5,6250,-3.5,2.0,0.2177,0.2935
5.0,6250,-3.5,2.0,0.2026,0.3047
3.5,6500,-3.5,2.0,0.2217,0.2843
4.0,6500,-3.5,2.0,0.2211,0.2848
4.5,6500,-3.5,2.0,0.2176,0.2879
5.0,6500,-3.5,2.0,0.2071,0.2958
3.5,6750,-3.5,2.0,0.2104,0.2879
4.0,6750,-3.5,2.0,0.2132,0.2856
4.5,6750,-3.5,2.0,0.2133,0.2854
5.0,6750,-3.5,2.0,0.2081,0.2892
3.5,7000,-3.5,2.0,0.1969,0.293
4.0,7000,-3.5,2.0,0.202,0.289
4.5,7000,-3.5,2.0,0.2058,0.2859
5.0,7000,-3.5,2.0,0.2045,0.2867
3.5,7250,-3.5,2.0,0.1783,0.2991
4.0,7250,-3.5,2.0,0.1884,0.2942
4.5,7250,-3.5,2.0,0.1951,0.2891
5.0,7250,-3.5,2.0,0.1972,0.2873
3.5,7500,-3.5,2.0,0.1851,0.281
4.0,7500,-3.5,2.0,0.1762,0.2982
4.5,7500,-3.5,2.0,0.1819,0.2942
5.0,7500,-3.5,2.0,0.1864,0.2909
3.5,7750,-3.5,2.0,0.2153,0.2568
4.0,7750,-3.5,2.0,0.1645,0.2979
4.5,7750,-3.5,2.0,0.1695,0.2986
5.0,7750,-3.5,2.0,0.1736,0.2958
3.5,8000,-3.5,2.0,0.2337,0.2381
4.0,8000,-3.5,2.0,0.1872,0.2762
4.5,8000,-3.5,2.0,0.1482,0.3069
5.0,8000,-3.5,2.0,0.1603,0.3007
3.5,8250,-3.5,2.0,0.228,0.2327
4.0,8250,-3.5,2.0,0.2115,0.2495
4.5,8250,-3.5,2.0,0.1618,0.2925
5.0,8250,-3.5,2.0,0.142,0.3073
3.5,8500,-3.5,2.0,0.2079,0.2423
4.0,8500,-3.5,2.0,0.2159,0.2346
4.5,8500,-3.5,2.0,0.1871,0.2645
5.0,8500,-3.5,2.0,0.1434,0.3004
3.5,8750,-3.5,2.0,0.1918,0.248
4.0,8750,-3.5,2.0,0.1994,0.2396
4.5,8750,-3.5,2.0,0.2015,0.2407
5.0,8750,-3.5,2.0,0.1629,0.2793
3.5,9000,-3.5,2.0,0.1795,0.2501
4.0,9000,-3.5,2.0,0.1852,0.2436
4.5,9000,-3.5,2.0,0.1922,0.2366
5.0,9000,-3.5,2.0,0.1994,0.2293
3.5,9250,-3.5,2.0,0.1702,0.2505
4.0,9250,-3.5,2.0,0.1743,0.2451
4.5,9250,-3.5,2.0,0.1792,0.2404
5.0,9250,-3.5,2.0,0.1848,0.2347
3.5,9500,-3.5,2.0,0.1628,0.2504
4.0,9500,-3.5,2.0,0.166,0.2451
4.5,9500,-3.5,2.0,0.1685,0.2424
5.0,9500,-3.5,2.0,0.1726,0.2383
3.5,9750,-3.5,2.0,0.1572,0.2495
4.0,9750,-3.5,2.0,0.1593,0.2445
4.5,9750,-3.5,2.0,0.1609,0.2421
5.0,9750,-3.5,2.0,0.1631,0.2398
3.5,10000,-3.5,2.0,0.1523,0.2486
4.0,10000,-3.5,2.0,0.1542,0.2434
4.5,10000,-3.5,2.0,0.1548,0.2414
5.0,10000,-3.5,2.0,0.1556,0.24
3.5,3500,-3.0,2.0,0.0751,0.4812
4.0,3500,-3.0,2.0,0.0933,0.4795
3.5,3750,-3.0,2.0,0.0599,0.4729
4.0,3750,-3.0,2.0,0.0503,0.4856
4.5,3750,-3.0,2.0,0.3633,0.1873
5.0,3750,-3.0,2.0,0.0953,0.5046
3.5,4000,-3.0,2.0,0.0882,0.4404
4.0,4000,-3.0,2.0,0.0624,0.4495
4.5,4000,-3.0,2.0,0.0552,0.4502
5.0,4000,-3.0,2.0,0.0558,0.4547
3.5,4250,-3.0,2.0,0.1132,0.4228
4.0,4250,-3.0,2.0,0.0603,0.4515
4.5,4250,-3.0,2.0,0.0454,0.4441
5.0,4250,-3.0,2.0,0.0409,0.4449
3.5,4500,-3.0,2.0,0.1709,0.3635
4.0,4500,-3.0,2.0,0.1107,0.3981
4.5,4500,-3.0,2.0,0.0625,0.4201
5.0,4500,-3.0,2.0,0.036,0.4286
3.5,4750,-3.0,2.0,0.1799,0.3612
4.0,4750,-3.0,2.0,0.1531,0.3742
4.5,4750,-3.0,2.0,0.1127,0.38
5.0,4750,-3.0,2.0,0.0702,0.3909
3.5,5000,-3.0,2.0,0.1967,0.3411
4.0,5000,-3.0,2.0,0.1722,0.3559
4.5,5000,-3.0,2.0,0.1351,0.3767
5.0,5000,-3.0,2.0,0.0918,0.4
3.5,5250,-3.0,2.0,0.2107,0.3258
4.0,5250,-3.0,2.0,0.1917,0.337
4.5,5250,-3.0,2.0,0.1677,0.35
5.0,5250,-3.0,2.0,0.1488,0.3588
3.5,5500,-3.0,2.0,0.2213,0.3124
4.0,5500,-3.0,2.0,0.2063,0.3221
4.5,5500,-3.0,2.0,0.1853,0.3356
5.0,5500,-3.0,2.0,0.159,0.3512
3.5,5750,-3.0,2.0,0.2269,0.3012
4.0,5750,-3.0,2.0,0.2158,0.3092
4.5,5750,-3.0,2.0,0.1988,0.3206
5.0,5750,-3.0,2.0,0.1769,0.3352
3.5,6000,-3.0,2.0,0.2282,0.2933
4.0,6000,-3.0,2.0,0.2209,0.299
4.5,6000,-3.0,2.0,0.209,0.3077
5.0,6000,-3.0,2.0,0.1903,0.3203
3.5,6250,-3.0,2.0,0.2265,0.2876
4.0,6250,-3.0,2.0,0.223,0.2905
4.5,6250,-3.0,2.0,0.2153,0.2961
5.0,6250,-3.0,2.0,0.2,0.3073
3.5,6500,-3.0,2.0,0.2195,0.2868
4.0,6500,-3.0,2.0,0.2193,0.2869
4.5,6500,-3.0,2.0,0.2173,0.2883
5.0,6500,-3.0,2.0,0.2077,0.295
3.5,6750,-3.0,2.0,0.2082,0.2899
4.0,6750,-3.0,2.0,0.2112,0.2875
4.5,6750,-3.0,2.0,0.2137,0.2852
5.0,6750,-3.0,2.0,0.2084,0.2889
3.5,7000,-3.0,2.0,0.195,0.2949
4.0,7000,-3.0,2.0,0.2004,0.2905
4.5,7000,-3.0,2.0,0.2057,0.2861
5.0,7000,-3.0,2.0,0.204,0.287
3.5,7250,-3.0,2.0,0.1767,0.3018
4.0,7250,-3.0,2.0,0.1869,0.2957
4.5,7250,-3.0,2.0,0.1951,0.2892
5.0,7250,-3.0,2.0,0.1966,0.2878
3.5,7500,-3.0,2.0,0.1899,0.2846
4.0,7500,-3.0,2.0,0.1764,0.2985
4.5,7500,-3.0,2.0,0.182,0.2944
5.0,7500,-3.0,2.0,0.186,0.2914
3.5,7750,-3.0,2.0,0.2171,0.257
4.0,7750,-3.0,2.0,0.1633,0.3007
4.5,7750,-3.0,2.0,0.1694,0.299
5.0,7750,-3.0,2.0,0.1723,0.297
3.5,8000,-3.0,2.0,0.2352,0.2371
4.0,8000,-3.0,2.0,0.1888,0.2748
4.5,8000,-3.0,2.0,0.1482,0.3073
5.0,8000,-3.0,2.0,0.1584,0.3025
3.5,8250,-3.0,2.0,0.2274,0.2332
4.0,8250,-3.0,2.0,0.2137,0.2482
4.5,8250,-3.0,2.0,0.1645,0.2902
5.0,8250,-3.0,2.0,0.1408,0.3089
3.5,8500,-3.0,2.0,0.2077,0.2424
4.0,8500,-3.0,2.0,0.2167,0.2337
4.5,8500,-3.0,2.0,0.1898,0.2623
5.0,8500,-3.0,2.0,0.1466,0.2991
3.5,8750,-3.0,2.0,0.1915,0.2482
4.0,8750,-3.0,2.0,0.1992,0.2396
4.5,8750,-3.0,2.0,0.2033,0.2386
5.0,8750,-3.0,2.0,0.162,0.2796
3.5,9000,-3.0,2.0,0.179,0.2505
4.0,9000,-3.0,2.0,0.185,0.2437
4.5,9000,-3.0,2.0,0.1918,0.2366
5.0,9000,-3.0,2.0,0.199,0.2293
3.5,9250,-3.0,2.0,0.1698,0.2507
4.0,9250,-3.0,2.0,0.1742,0.2451
4.5,9250,-3.0,2.0,0.1785,0.2408
5.0,9250,-3.0,2.0,0.1844,0.2348
3.5,9500,-3.0,2.0,0.1632,0.2499
4.0,9500,-3.0,2.0,0.1659,0.245
4.5,9500,-3.0,2.0,0.1681,0.2425
5.0,9500,-3.0,2.0,0.1725,0.2381
3.5,9750,-3.0,2.0,0.1574,0.2492
4.0,9750,-3.0,2.0,0.159,0.2446
4.5,9750,-3.0,2.0,0.1606,0.2421
5.0,9750,-3.0,2.0,0.1628,0.2398
3.5,10000,-3.0,2.0,0.1521,0.2488
4.0,10000,-3.0,2.0,0.1539,0.2435
4.5,10000,-3.0,2.0,0.1546,0.2413
5.0,10000,-3.0,2.0,0.1554,0.2399
3.5,3500,-2.5,2.0,0.0576,0.512
4.0,3500,-2.5,2.0,0.0722,0.5073
3.5,3750,-2.5,2.0,0.0705,0.4691
4.0,3750,-2.5,2.0,0.0531,0.4803
4.5,3750,-2.5,2.0,0.0531,0.4873
3.5,4000,-2.5,2.0,0.158,0.3924
4.0,4000,-2.5,2.0,0.1081,0.407
4.5,4000,-2.5,2.0,0.0788,0.418
3.5,4250,-2.5,2.0,0.2142,0.3681
4.0,4250,-2.5,2.0,0.1409,0.4079
4.5,4250,-2.5,2.0,0.0962,0.4238
5.0,4250,-2.5,2.0,0.0757,0.4259
3.5,4500,-2.5,2.0,0.2318,0.3488
4.0,4500,-2.5,2.0,0.1755,0.3797
4.5,4500,-2.5,2.0,0.1211,0.4073
5.0,4500,-2.5,2.0,0.0869,0.411
3.5,4750,-2.5,2.0,0.2116,0.3495
4.0,4750,-2.5,2.0,0.1906,0.3661
4.5,4750,-2.5,2.0,0.1482,0.379
5.0,4750,-2.5,2.0,0.103,0.4015
3.5,5000,-2.5,2.0,0.2089,0.3343
4.0,5000,-2.5,2.0,0.1919,0.3434
4.5,5000,-2.5,2.0,0.1604,0.3679
5.0,5000,-2.5,2.0,0.1178,0.3943
3.5,5250,-2.5,2.0,0.2181,0.3194
4.0,5250,-2.5,2.0,0.2006,0.3307
4.5,5250,-2.5,2.0,0.181,0.3395
5.0,5250,-2.5,2.0,0.1462,0.3644
3.5,5500,-2.5,2.0,0.2245,0.3086
4.0,5500,-2.5,2.0,0.2137,0.3137
4.5,5500,-2.5,2.0,0.1917,0.3296
5.0,5500,-2.5,2.0,0.1701,0.3399
3.5,5750,-2.5,2.0,0.2309,0.2962
4.0,5750,-2.5,2.0,0.2231,0.3015
4.5,5750,-2.5,2.0,0.2028,0.3163
5.0,5750,-2.5,2.0,0.1818,0.3296
3.5,6000,-2.5,2.0,0.2279,0.2931
4.0,6000,-2.5,2.0,0.2221,0.2973
4.5,6000,-2.5,2.0,0.2109,0.3053
5.0,6000,-2.5,2.0,0.1951,0.3141
3.5,6250,-2.5,2.0,0.2285,0.2846
4.0,6250,-2.5,2.0,0.2247,0.2872
4.5,6250,-2.5,2.0,0.2156,0.2953
5.0,6250,-2.5,2.0,0.2011,0.3056
3.5,6500,-2.5,2.0,0.2211,0.2844
4.0,6500,-2.5,2.0,0.2203,0.2845
4.5,6500,-2.5,2.0,0.2166,0.2885
5.0,6500,-2.5,2.0,0.2075,0.2946
3.5,6750,-2.5,2.0,0.208,0.2904
4.0,6750,-2.5,2.0,0.2104,0.2879
4.5,6750,-2.5,2.0,0.213,0.2855
5.0,6750,-2.5,2.0,0.2078,0.2887
3.5,7000,-2.5,2.0,0.1946,0.2956
4.0,7000,-2.5,2.0,0.1992,0.2914
4.5,7000,-2.5,2.0,0.2052,0.2861
5.0,7000,-2.5,2.0,0.2038,0.2866
3.5,7250,-2.5,2.0,0.1762,0.3019
4.0,7250,-2.5,2.0,0.1864,0.2961
4.5,7250,-2.5,2.0,0.1938,0.29
5.0,7250,-2.5,2.0,0.1963,0.2875
3.5,7500,-2.5,2.0,0.1891,0.2851
4.0,7500,-2.5,2.0,0.1751,0.2994
4.5,7500,-2.5,2.0,0.1806,0.2951
5.0,7500,-2.5,2.0,0.185,0.2915
3.5,7750,-2.5,2.0,0.2173,0.257
4.0,7750,-2.5,2.0,0.1657,0.299
4.5,7750,-2.5,2.0,0.1699,0.2982
5.0,7750,-2.5,2.0,0.1734,0.2955
3.5,8000,-2.5,2.0,0.2353,0.2371
4.0,8000,-2.5,2.0,0.1897,0.2743
4.5,8000,-2.5,2.0,0.1495,0.3065
5.0,8000,-2.5,2.0,0.1594,0.3012
3.5,8250,-2.5,2.0,0.2272,0.2335
4.0,8250,-2.5,2.0,0.2145,0.2475
4.5,8250,-2.5,2.0,0.1654,0.2895
5.0,8250,-2.5,2.0,0.141,0.3082
3.5,8500,-2.5,2.0,0.2077,0.2426
4.0,8500,-2.5,2.0,0.2161,0.2342
4.5,8500,-2.5,2.0,0.191,0.2611
5.0,8500,-2.5,2.0,0.1467,0.2986
3.5,8750,-2.5,2.0,0.1917,0.2483
4.0,8750,-2.5,2.0,0.199,0.2399
4.5,8750,-2.5,2.0,0.2032,0.2385
5.0,8750,-2.5,2.0,0.1624,0.2789
3.5,9000,-2.5,2.0,0.1789,0.2507
4.0,9000,-2.5,2.0,0.185,0.2436
4.5,9000,-2.5,2.0,0.1914,0.2369
5.0,9000,-2.5,2.0,0.1983,0.2298
3.5,9250,-2.5,2.0,0.1697,0.2508
4.0,9250,-2.5,2.0,0.1735,0.2457
4.5,9250,-2.5,2.0,0.1783,0.2409
5.0,9250,-2.5,2.0,0.184,0.2349
3.5,9500,-2.5,2.0,0.1627,0.2502
4.0,9500,-2.5,2.0,0.1653,0.2453
4.5,9500,-2.5,2.0,0.1685,0.2419
5.0,9500,-2.5,2.0,0.1721,0.2381
3.5,9750,-2.5,2.0,0.1572,0.2492
4.0,9750,-2.5,2.0,0.159,0.2443
4.5,9750,-2.5,2.0,0.1603,0.242
5.0,9750,-2.5,2.0,0.1627,0.2395
3.5,10000,-2.5,2.0,0.1523,0.2484
4.0,10000,-2.5,2.0,0.1538,0.2433
4.5,10000,-2.5,2.0,0.1546,0.2409
5.0,10000,-2.5,2.0,0.1556,0.2394
3.5,3500,-2.0,2.0,0.0865,0.4342
4.0,3500,-2.0,2.0,0.1069,0.4065
4.5,3500,-2.0,2.0,0.0874,0.4939
5.0,3500,-2.0,2.0,0.1219,0.4598
3.5,3750,-2.0,2.0,0.1295,0.3739
4.0,3750,-2.0,2.0,0.0965,0.401
4.5,3750,-2.0,2.0,0.0787,0.4109
5.0,3750,-2.0,2.0,0.0926,0.3858
3.5,4000,-2.0,2.0,0.2348,0.3429
4.0,4000,-2.0,2.0,0.1438,0.3927
4.5,4000,-2.0,2.0,0.1127,0.3687
5.0,4000,-2.0,2.0,0.0741,0.4319
3.5,4250,-2.0,2.0,0.3345,0.2835
4.0,4250,-2.0,2.0,0.2408,0.3411
4.5,4250,-2.0,2.0,0.1573,0.3888
5.0,4250,-2.0,2.0,0.106,0.4117
3.5,4500,-2.0,2.0,0.3231,0.2905
4.0,4500,-2.0,2.0,0.2847,0.3123
4.5,4500,-2.0,2.0,0.2159,0.3617
5.0,4500,-2.0,2.0,0.1566,0.3818
3.5,4750,-2.0,2.0,0.2691,0.3181
4.0,4750,-2.0,2.0,0.2557,0.3312
4.5,4750,-2.0,2.0,0.2236,0.349
5.0,4750,-2.0,2.0,0.1777,0.3757
3.5,5000,-2.0,2.0,0.2406,0.3176
4.0,5000,-2.0,2.0,0.228,0.3291
4.5,5000,-2.0,2.0,0.2083,0.3398
5.0,5000,-2.0,2.0,0.1785,0.3551
3.5,5250,-2.0,2.0,0.2318,0.3097
4.0,5250,-2.0,2.0,0.2197,0.3187
4.5,5250,-2.0,2.0,0.2121,0.3256
5.0,5250,-2.0,2.0,0.1793,0.3452
3.5,5500,-2.0,2.0,0.2285,0.3054
4.0,5500,-2.0,2.0,0.2177,0.3128
4.5,5500,-2.0,2.0,0.2022,0.3225
5.0,5500,-2.0,2.0,0.1815,0.3353
3.5,5750,-2.0,2.0,0.2279,0.2993
4.0,5750,-2.0,2.0,0.2261,0.2985
4.5,5750,-2.0,2.0,0.2079,0.3122
5.0,5750,-2.0,2.0,0.1898,0.3234
3.5,6000,-2.0,2.0,0.233,0.2873
4.0,6000,-2.0,2.0,0.2236,0.2954
4.5,6000,-2.0,2.0,0.2178,0.2976
5.0,6000,-2.0,2.0,0.197,0.3131
3.5,6250,-2.0,2.0,0.2267,0.2874
4.0,6250,-2.0,2.0,0.223,0.2897
4.5,6250,-2.0,2.0,0.2176,0.2931
5.0,6250,-2.0,2.0,0.2036,0.3026
3.5,6500,-2.0,2.0,0.2202,0.2855
4.0,6500,-2.0,2.0,0.2206,0.2842
4.5,6500,-2.0,2.0,0.2172,0.2875
5.0,6500,-2.0,2.0,0.2083,0.2934
3.5,6750,-2.0,2.0,0.2076,0.2902
4.0,6750,-2.0,2.0,0.2115,0.2862
4.5,6750,-2.0,2.0,0.2132,0.2838
5.0,6750,-2.0,2.0,0.2073,0.2888
3.5,7000,-2.0,2.0,0.193,0.2975
4.0,7000,-2.0,2.0,0.1973,0.2933
4.5,7000,-2.0,2.0,0.204,0.2872
5.0,7000,-2.0,2.0,0.2032,0.2868
3.5,7250,-2.0,2.0,0.1731,0.3063
4.0,7250,-2.0,2.0,0.1817,0.3009
4.5,7250,-2.0,2.0,0.1894,0.2944
5.0,7250,-2.0,2.0,0.1928,0.2909
3.5,7500,-2.0,2.0,0.1837,0.29
4.0,7500,-2.0,2.0,0.1693,0.3046
4.5,7500,-2.0,2.0,0.1764,0.2993
5.0,7500,-2.0,2.0,0.1812,0.2951
3.5,7750,-2.0,2.0,0.2133,0.2609
4.0,7750,-2.0,2.0,0.1611,0.3034
4.5,7750,-2.0,2.0,0.1658,0.3016
5.0,7750,-2.0,2.0,0.1701,0.2979
3.5,8000,-2.0,2.0,0.2295,0.2429
4.0,8000,-2.0,2.0,0.1847,0.2783
4.5,8000,-2.0,2.0,0.1486,0.3067
5.0,8000,-2.0,2.0,0.1568,0.3029
3.5,8250,-2.0,2.0,0.2227,0.2382
4.0,8250,-2.0,2.0,0.2097,0.2519
4.5,8250,-2.0,2.0,0.1598,0.2936
5.0,8250,-2.0,2.0,0.1386,0.309
3.5,8500,-2.0,2.0,0.2039,0.2467
4.0,8500,-2.0,2.0,0.2118,0.2384
4.5,8500,-2.0,2.0,0.1858,0.265
5.0,8500,-2.0,2.0,0.1438,0.3012
3.5,8750,-2.0,2.0,0.1885,0.2521
4.0,8750,-2.0,2.0,0.1956,0.2434
4.5,8750,-2.0,2.0,0.1985,0.2426
5.0,8750,-2.0,2.0,0.1618,0.2796
3.5,9000,-2.0,2.0,0.1789,0.2515
4.0,9000,-2.0,2.0,0.1843,0.2447
4.5,9000,-2.0,2.0,0.1909,0.2374
5.0,9000,-2.0,2.0,0.1972,0.2306
3.5,9250,-2.0,2.0,0.1699,0.251
4.0,9250,-2.0,2.0,0.1734,0.2461
4.5,9250,-2.0,2.0,0.1784,0.2409
5.0,9250,-2.0,2.0,0.1837,0.235
3.5,9500,-2.0,2.0,0.1632,0.2497
4.0,9500,-2.0,2.0,0.1657,0.245
4.5,9500,-2.0,2.0,0.1683,0.2421
5.0,9500,-2.0,2.0,0.1724,0.2377
3.5,9750,-2.0,2.0,0.1575,0.2488
4.0,9750,-2.0,2.0,0.1591,0.2438
4.5,9750,-2.0,2.0,0.1605,0.2416
5.0,9750,-2.0,2.0,0.1629,0.2392
3.5,10000,-2.0,2.0,0.1528,0.2478
4.0,10000,-2.0,2.0,0.1542,0.2425
4.5,10000,-2.0,2.0,0.1545,0.2405
5.0,10000,-2.0,2.0,0.1551,0.2395
3.5,3500,-1.5,2.0,0.0851,0.4958
4.0,3500,-1.5,2.0,0.0815,0.4915
4.5,3500,-1.5,2.0,0.0897,0.4895
5.0,3500,-1.5,2.0,0.1098,0.4748
3.5,3750,-1.5,2.0,0.1448,0.422
4.0,3750,-1.5,2.0,0.0982,0.4384
4.5,3750,-1.5,2.0,0.0618,0.4982
5.0,3750,-1.5,2.0,0.0646,0.497
3.5,4000,-1.5,2.0,0.3305,0.2793
4.0,4000,-1.5,2.0,0.1985,0.3641
4.5,4000,-1.5,2.0,0.1187,0.4157
5.0,4000,-1.5,2.0,0.0851,0.4341
3.5,4250,-1.5,2.0,0.447,0.1955
4.0,4250,-1.5,2.0,0.3525,0.2609
4.5,4250,-1.5,2.0,0.2323,0.3418
5.0,4250,-1.5,2.0,0.1444,0.3937
3.5,4500,-1.5,2.0,0.4074,0.2223
4.0,4500,-1.5,2.0,0.3896,0.2369
4.5,4500,-1.5,2.0,0.3296,0.2804
5.0,4500,-1.5,2.0,0.2411,0.3311
3.5,4750,-1.5,2.0,0.3471,0.2607
4.0,4750,-1.5,2.0,0.3407,0.2677
4.5,4750,-1.5,2.0,0.3261,0.2819
5.0,4750,-1.5,2.0,0.2826,0.3089
3.5,5000,-1.5,2.0,0.2883,0.292
4.0,5000,-1.5,2.0,0.2933,0.2904
4.5,5000,-1.5,2.0,0.2779,0.305
5.0,5000,-1.5,2.0,0.2631,0.3193
3.5,5250,-1.5,2.0,0.2557,0.3
4.0,5250,-1.5,2.0,0.2535,0.3033
4.5,5250,-1.5,2.0,0.2511,0.3077
5.0,5250,-1.5,2.0,0.2284,0.3272
3.5,5500,-1.5,2.0,0.2394,0.2997
4.0,5500,-1.5,2.0,0.2345,0.3035
4.5,5500,-1.5,2.0,0.2241,0.3121
5.0,5500,-1.5,2.0,0.2206,0.3154
3.5,5750,-1.5,2.0,0.2335,0.2956
4.0,5750,-1.5,2.0,0.2287,0.2988
4.5,5750,-1.5,2.0,0.219,0.3053
5.0,5750,-1.5,2.0,0.2044,0.3158
3.5,6000,-1.5,2.0,0.2336,0.2874
4.0,6000,-1.5,2.0,0.2256,0.2944
4.5,6000,-1.5,2.0,0.2178,0.2991
5.0,6000,-1.5,2.0,0.2047,0.3075
3.5,6250,-1.5,2.0,0.2254,0.2895
4.0,6250,-1.5,2.0,0.2218,0.2911
4.5,6250,-1.5,2.0,0.2195,0.2918
5.0,6250,-1.5,2.0,0.2073,0.2997
3.5,6500,-1.5,2.0,0.2161,0.2913
4.0,6500,-1.5,2.0,0.2163,0.2899
4.5,6500,-1.5,2.0,0.2164,0.2887
5.0,6500,-1.5,2.0,0.2089,0.2931
3.5,6750,-1.5,2.0,0.2034,0.296
4.0,6750,-1.5,2.0,0.2065,0.2924
4.5,6750,-1.5,2.0,0.2095,0.289
5.0,6750,-1.5,2.0,0.2084,0.2871
3.5,7000,-1.5,2.0,0.191,0.2997
4.0,7000,-1.5,2.0,0.1968,0.2941
4.5,7000,-1.5,2.0,0.2015,0.2893
5.0,7000,-1.5,2.0,0.2021,0.2872
3.5,7250,-1.5,2.0,0.1663,0.3105
4.0,7250,-1.5,2.0,0.1802,0.3025
4.5,7250,-1.5,2.0,0.187,0.2963
5.0,7250,-1.5,2.0,0.1908,0.292
3.5,7500,-1.5,2.0,0.1842,0.2896
4.0,7500,-1.5,2.0,0.164,0.3066
4.5,7500,-1.5,2.0,0.1738,0.3014
5.0,7500,-1.5,2.0,0.1796,0.2961
3.5,7750,-1.5,2.0,0.2118,0.2643
4.0,7750,-1.5,2.0,0.1574,0.3052
4.5,7750,-1.5,2.0,0.1625,0.3049
5.0,7750,-1.5,2.0,0.167,0.3008
3.5,8000,-1.5,2.0,0.2273,0.2459
4.0,8000,-1.5,2.0,0.1843,0.2795
4.5,8000,-1.5,2.0,0.1494,0.3091
5.0,8000,-1.5,2.0,0.1541,0.3055
3.5,8250,-1.5,2.0,0.22,0.2412
4.0,8250,-1.5,2.0,0.2084,0.2537
4.5,8250,-1.5,2.0,0.1609,0.2931
5.0,8250,-1.5,2.0,0.1407,0.309
3.5,8500,-1.5,2.0,0.2025,0.2484
4.0,8500,-1.5,2.0,0.2093,0.2407
4.5,8500,-1.5,2.0,0.1848,0.266
5.0,8500,-1.5,2.0,0.1408,0.3033
3.5,8750,-1.5,2.0,0.1868,0.2545
4.0,8750,-1.5,2.0,0.1936,0.2456
4.5,8750,-1.5,2.0,0.1967,0.244
5.0,8750,-1.5,2.0,0.1615,0.2796
3.5,9000,-1.5,2.0,0.1775,0.2544
4.0,9000,-1.5,2.0,0.1832,0.2464
4.5,9000,-1.5,2.0,0.189,0.2394
5.0,9000,-1.5,2.0,0.1953,0.2322
3.5,9250,-1.5,2.0,0.1684,0.2542
4.0,9250,-1.5,2.0,0.172,0.2486
4.5,9250,-1.5,2.0,0.1765,0.2431
5.0,9250,-1.5,2.0,0.1814,0.237
3.5,9500,-1.5,2.0,0.162,0.2522
4.0,9500,-1.5,2.0,0.1642,0.2475
4.5,9500,-1.5,2.0,0.1668,0.2442
5.0,9500,-1.5,2.0,0.1704,0.2397
3.5,9750,-1.5,2.0,0.1569,0.2499
4.0,9750,-1.5,2.0,0.1582,0.2453
4.5,9750,-1.5,2.0,0.1592,0.2433
5.0,9750,-1.5,2.0,0.1608,0.2413
3.5,10000,-1.5,2.0,0.1521,0.2487
4.0,10000,-1.5,2.0,0.1532,0.2434
4.5,10000,-1.5,2.0,0.1536,0.2414
5.0,10000,-1.5,2.0,0.154,0.2406
3.5,3500,-1.0,2.0,0.1532,0.4701
4.0,3500,-1.0,2.0,0.1214,0.4896
4.5,3500,-1.0,2.0,0.1121,0.4923
5.0,3500,-1.0,2.0,0.1148,0.4953
3.5,3750,-1.0,2.0,0.2266,0.3872
4.0,3750,-1.0,2.0,0.1319,0.4529
4.5,3750,-1.0,2.0,0.0917,0.4772
5.0,3750,-1.0,2.0,0.0804,0.4846
3.5,4000,-1.0,2.0,0.4423,0.2019
4.0,4000,-1.0,2.0,0.2743,0.3295
4.5,4000,-1.0,2.0,0.1573,0.4117
5.0,4000,-1.0,2.0,0.1025,0.44
3.5,4250,-1.0,2.0,0.5035,0.1522
4.0,4250,-1.0,2.0,0.4484,0.1922
4.5,4250,-1.0,2.0,0.3188,0.2826
5.0,4250,-1.0,2.0,0.1952,0.3694
3.5,4500,-1.0,2.0,0.4562,0.1826
4.0,4500,-1.0,2.0,0.4491,0.1893
4.5,4500,-1.0,2.0,0.4367,0.2017
5.0,4500,-1.0,2.0,0.3284,0.2751
3.5,4750,-1.0,2.0,0.4014,0.2193
4.0,4750,-1.0,2.0,0.4037,0.2175
4.5,4750,-1.0,2.0,0.4001,0.2217
5.0,4750,-1.0,2.0,0.381,0.239
3.5,5000,-1.0,2.0,0.3452,0.254
4.0,5000,-1.0,2.0,0.3492,0.2517
4.5,5000,-1.0,2.0,0.3522,0.2505
5.0,5000,-1.0,2.0,0.3449,0.2578
3.5,5250,-1.0,2.0,0.2964,0.2792
4.0,5250,-1.0,2.0,0.3006,0.2774
4.5,5250,-1.0,2.0,0.3007,0.2793
5.0,5250,-1.0,2.0,0.301,0.2812
3.5,5500,-1.0,2.0,0.2627,0.2915
4.0,5500,-1.0,2.0,0.2607,0.2943
4.5,5500,-1.0,2.0,0.2559,0.3005
5.0,5500,-1.0,2.0,0.2522,0.3054
3.5,5750,-1.0,2.0,0.245,0.2928
4.0,5750,-1.0,2.0,0.2429,0.2948
4.5,5750,-1.0,2.0,0.2369,0.3
5.0,5750,-1.0,2.0,0.2359,0.3033
3.5,6000,-1.0,2.0,0.2343,0.2923
4.0,6000,-1.0,2.0,0.2311,0.2944
4.5,6000,-1.0,2.0,0.2267,0.2971
5.0,6000,-1.0,2.0,0.2173,0.304
3.5,6250,-1.0,2.0,0.2243,0.2939
4.0,6250,-1.0,2.0,0.2228,0.2938
4.5,6250,-1.0,2.0,0.2205,0.2942
5.0,6250,-1.0,2.0,0.2131,0.2992
3.5,6500,-1.0,2.0,0.2127,0.2972
4.0,6500,-1.0,2.0,0.214,0.2948
4.5,6500,-1.0,2.0,0.2132,0.2939
5.0,6500,-1.0,2.0,0.2077,0.2968
3.5,6750,-1.0,2.0,0.199,0.3024
4.0,6750,-1.0,2.0,0.2025,0.2983
4.5,6750,-1.0,2.0,0.2048,0.2952
5.0,6750,-1.0,2.0,0.2031,0.2948
3.5,7000,-1.0,2.0,0.1842,0.309
4.0,7000,-1.0,2.0,0.1895,0.3033
4.5,7000,-1.0,2.0,0.1947,0.2979
5.0,7000,-1.0,2.0,0.1965,0.2947
3.5,7250,-1.0,2.0,0.1766,0.31
4.0,7250,-1.0,2.0,0.1755,0.3088
4.5,7250,-1.0,2.0,0.1824,0.3021
5.0,7250,-1.0,2.0,0.1868,0.2973
3.5,7500,-1.0,2.0,0.2845,0.2138
4.0,7500,-1.0,2.0,0.1666,0.3108
4.5,7500,-1.0,2.0,0.1696,0.3069
5.0,7500,-1.0,2.0,0.1743,0.302
3.5,7750,-1.0,2.0,0.263,0.226
4.0,7750,-1.0,2.0,0.2692,0.2184
4.5,7750,-1.0,2.0,0.1633,0.3072
5.0,7750,-1.0,2.0,0.1636,0.3052
3.5,8000,-1.0,2.0,0.2386,0.2372
4.0,8000,-1.0,2.0,0.2486,0.2297
4.5,8000,-1.0,2.0,0.2536,0.2242
5.0,8000,-1.0,2.0,0.1513,0.309
3.5,8250,-1.0,2.0,0.2168,0.245
4.0,8250,-1.0,2.0,0.2273,0.237
4.5,8250,-1.0,2.0,0.2349,0.2332
5.0,8250,-1.0,2.0,0.2371,0.231
3.5,8500,-1.0,2.0,0.2012,0.2497
4.0,8500,-1.0,2.0,0.2069,0.2426
4.5,8500,-1.0,2.0,0.2169,0.238
5.0,8500,-1.0,2.0,0.2222,0.2358
3.5,8750,-1.0,2.0,0.1889,0.2524
4.0,8750,-1.0,2.0,0.1931,0.2455
4.5,8750,-1.0,2.0,0.1994,0.24
5.0,8750,-1.0,2.0,0.2067,0.2395
3.5,9000,-1.0,2.0,0.1767,0.2558
4.0,9000,-1.0,2.0,0.1811,0.2483
4.5,9000,-1.0,2.0,0.1857,0.2419
5.0,9000,-1.0,2.0,0.1906,0.2361
3.5,9250,-1.0,2.0,0.1679,0.2568
4.0,9250,-1.0,2.0,0.1706,0.2508
4.5,9250,-1.0,2.0,0.1738,0.2455
5.0,9250,-1.0,2.0,0.1781,0.2395
3.5,9500,-1.0,2.0,0.1612,0.256
4.0,9500,-1.0,2.0,0.1633,0.2503
4.5,9500,-1.0,2.0,0.1653,0.2462
5.0,9500,-1.0,2.0,0.1683,0.2413
3.5,9750,-1.0,2.0,0.1562,0.2537
4.0,9750,-1.0,2.0,0.1569,0.249
4.5,9750,-1.0,2.0,0.1578,0.2461
5.0,9750,-1.0,2.0,0.1592,0.243
3.5,10000,-1.0,2.0,0.1512,0.252
4.0,10000,-1.0,2.0,0.1519,0.2469
4.5,10000,-1.0,2.0,0.1521,0.2445
5.0,10000,-1.0,2.0,0.1521,0.2431
3.5,3500,-0.5,2.0,0.2976,0.3463
4.0,3500,-0.5,2.0,0.22,0.4048
4.5,3500,-0.5,2.0,0.1895,0.424
5.0,3500,-0.5,2.0,0.1652,0.4447
3.5,3750,-0.5,2.0,0.405,0.2515
4.0,3750,-0.5,2.0,0.245,0.3787
4.5,3750,-0.5,2.0,0.1613,0.4353
5.0,3750,-0.5,2.0,0.125,0.4564
3.5,4000,-0.5,2.0,0.5493,0.1317
4.0,4000,-0.5,2.0,0.4047,0.2419
4.5,4000,-0.5,2.0,0.2454,0.3624
5.0,4000,-0.5,2.0,0.1527,0.4178
3.5,4250,-0.5,2.0,0.5345,0.1351
4.0,4250,-0.5,2.0,0.5203,0.1458
4.5,4250,-0.5,2.0,0.4177,0.2203
5.0,4250,-0.5,2.0,0.2715,0.3294
3.5,4500,-0.5,2.0,0.4915,0.1611
4.0,4500,-0.5,2.0,0.4928,0.1589
4.5,4500,-0.5,2.0,0.4853,0.1652
5.0,4500,-0.5,2.0,0.4143,0.219
3.5,4750,-0.5,2.0,0.443,0.1932
4.0,4750,-0.5,2.0,0.4479,0.1882
4.5,4750,-0.5,2.0,0.4476,0.1886
5.0,4750,-0.5,2.0,0.4412,0.1943
3.5,5000,-0.5,2.0,0.39,0.227
4.0,5000,-0.5,2.0,0.3957,0.2225
4.5,5000,-0.5,2.0,0.3975,0.222
5.0,5000,-0.5,2.0,0.3983,0.2222
3.5,5250,-0.5,2.0,0.3401,0.2555
4.0,5250,-0.5,2.0,0.3468,0.2509
4.5,5250,-0.5,2.0,0.3492,0.2508
5.0,5250,-0.5,2.0,0.3489,0.2531
3.5,5500,-0.5,2.0,0.2968,0.2774
4.0,5500,-0.5,2.0,0.3031,0.2735
4.5,5500,-0.5,2.0,0.3055,0.2736
5.0,5500,-0.5,2.0,0.305,0.2764
3.5,5750,-0.5,2.0,0.264,0.2903
4.0,5750,-0.5,2.0,0.2691,0.2875
4.5,5750,-0.5,2.0,0.2715,0.287
5.0,5750,-0.5,2.0,0.2709,0.2897
3.5,6000,-0.5,2.0,0.2405,0.2968
4.0,6000,-0.5,2.0,0.2447,0.2942
4.5,6000,-0.5,2.0,0.2451,0.2947
5.0,6000,-0.5,2.0,0.2435,0.2978
3.5,6250,-0.5,2.0,0.2225,0.3024
4.0,6250,-0.5,2.0,0.2271,0.298
4.5,6250,-0.5,2.0,0.2272,0.2975
5.0,6250,-0.5,2.0,0.2257,0.2992
3.5,6500,-0.5,2.0,0.2082,0.3056
4.0,6500,-0.5,2.0,0.2136,0.3003
4.5,6500,-0.5,2.0,0.2128,0.3009
5.0,6500,-0.5,2.0,0.2127,0.3003
3.5,6750,-0.5,2.0,0.1929,0.312
4.0,6750,-0.5,2.0,0.1995,0.3057
4.5,6750,-0.5,2.0,0.2019,0.3024
5.0,6750,-0.5,2.0,0.2033,0.2998
3.5,7000,-0.5,2.0,0.1786,0.3178
4.0,7000,-0.5,2.0,0.1852,0.3113
4.5,7000,-0.5,2.0,0.1895,0.3062
5.0,7000,-0.5,2.0,0.1931,0.302
3.5,7250,-0.5,2.0,0.162,0.3254
4.0,7250,-0.5,2.0,0.166,0.3219
4.5,7250,-0.5,2.0,0.1715,0.3161
5.0,7250,-0.5,2.0,0.1776,0.3102
3.5,7500,-0.5,2.0,0.1803,0.3033
4.0,7500,-0.5,2.0,0.1528,0.3256
4.5,7500,-0.5,2.0,0.1594,0.3191
5.0,7500,-0.5,2.0,0.1641,0.315
3.5,7750,-0.5,2.0,0.2065,0.2784
4.0,7750,-0.5,2.0,0.1561,0.3148
4.5,7750,-0.5,2.0,0.1446,0.3242
5.0,7750,-0.5,2.0,0.1528,0.3182
3.5,8000,-0.5,2.0,0.2186,0.2601
4.0,8000,-0.5,2.0,0.1836,0.288
4.5,8000,-0.5,2.0,0.1433,0.3196
5.0,8000,-0.5,2.0,0.1412,0.3211
3.5,8250,-0.5,2.0,0.2059,0.2582
4.0,8250,-0.5,2.0,0.202,0.2636
4.5,8250,-0.5,2.0,0.1604,0.2998
5.0,8250,-0.5,2.0,0.1283,0.3226
3.5,8500,-0.5,2.0,0.1916,0.2599
4.0,8500,-0.5,2.0,0.1958,0.2546
4.5,8500,-0.5,2.0,0.1844,0.2693
5.0,8500,-0.5,2.0,0.1412,0.3072
3.5,8750,-0.5,2.0,0.1807,0.2604
4.0,8750,-0.5,2.0,0.1835,0.2548
4.5,8750,-0.5,2.0,0.1868,0.2521
5.0,8750,-0.5,2.0,0.1636,0.2794
3.5,9000,-0.5,2.0,0.1748,0.2579
4.0,9000,-0.5,2.0,0.1762,0.2526
4.5,9000,-0.5,2.0,0.1791,0.2476
5.0,9000,-0.5,2.0,0.1823,0.244
3.5,9250,-0.5,2.0,0.1674,0.2583
4.0,9250,-0.5,2.0,0.1684,0.2526
4.5,9250,-0.5,2.0,0.1699,0.2482
5.0,9250,-0.5,2.0,0.1719,0.2444
3.5,9500,-0.5,2.0,0.1613,0.2582
4.0,9500,-0.5,2.0,0.1621,0.2521
4.5,9500,-0.5,2.0,0.1625,0.2482
5.0,9500,-0.5,2.0,0.1634,0.2447
3.5,9750,-0.5,2.0,0.1563,0.2572
4.0,9750,-0.5,2.0,0.1564,0.2516
4.5,9750,-0.5,2.0,0.1554,0.2488
5.0,9750,-0.5,2.0,0.1564,0.2447
3.5,10000,-0.5,2.0,0.1514,0.2565
4.0,10000,-0.5,2.0,0.152,0.25
4.5,10000,-0.5,2.0,0.1513,0.2468
5.0,10000,-0.5,2.0,0.1503,0.2449
3.5,3500,-0.3,2.0,0.3948,0.2826
4.0,3500,-0.3,2.0,0.2911,0.3627
4.5,3500,-0.3,2.0,0.2338,0.405
5.0,3500,-0.3,2.0,0.2025,0.4264
3.5,3750,-0.3,2.0,0.505,0.1766
4.0,3750,-0.3,2.0,0.3239,0.3267
4.5,3750,-0.3,2.0,0.2109,0.4098
5.0,3750,-0.3,2.0,0.1572,0.4438
3.5,4000,-0.3,2.0,0.5742,0.117
4.0,4000,-0.3,2.0,0.4677,0.2
4.5,4000,-0.3,2.0,0.2993,0.3309
5.0,4000,-0.3,2.0,0.1836,0.412
3.5,4250,-0.3,2.0,0.5354,0.1383
4.0,4250,-0.3,2.0,0.5312,0.1407
4.5,4250,-0.3,2.0,0.4547,0.199
5.0,4250,-0.3,2.0,0.3108,0.3072
3.5,4500,-0.3,2.0,0.4963,0.1588
4.0,4500,-0.3,2.0,0.4976,0.1565
4.5,4500,-0.3,2.0,0.4948,0.1589
5.0,4500,-0.3,2.0,0.4424,0.2005
3.5,4750,-0.3,2.0,0.4513,0.1878
4.0,4750,-0.3,2.0,0.4548,0.1838
4.5,4750,-0.3,2.0,0.457,0.1815
5.0,4750,-0.3,2.0,0.4542,0.1844
3.5,5000,-0.3,2.0,0.4027,0.2189
4.0,5000,-0.3,2.0,0.4084,0.2139
4.5,5000,-0.3,2.0,0.4124,0.2107
5.0,5000,-0.3,2.0,0.4137,0.2101
3.5,5250,-0.3,2.0,0.354,0.2482
4.0,5250,-0.3,2.0,0.3618,0.2421
4.5,5250,-0.3,2.0,0.3654,0.2401
5.0,5250,-0.3,2.0,0.367,0.2401
3.5,5500,-0.3,2.0,0.3091,0.2727
4.0,5500,-0.3,2.0,0.3182,0.2661
4.5,5500,-0.3,2.0,0.3227,0.2633
5.0,5500,-0.3,2.0,0.322,0.2661
3.5,5750,-0.3,2.0,0.2726,0.2898
4.0,5750,-0.3,2.0,0.2818,0.2833
4.5,5750,-0.3,2.0,0.2845,0.2819
5.0,5750,-0.3,2.0,0.2864,0.2824
3.5,6000,-0.3,2.0,0.2446,0.3001
4.0,6000,-0.3,2.0,0.2509,0.2958
4.5,6000,-0.3,2.0,0.2525,0.2949
5.0,6000,-0.3,2.0,0.2532,0.296
3.5,6250,-0.3,2.0,0.2234,0.3065
4.0,6250,-0.3,2.0,0.2292,0.3017
4.5,6250,-0.3,2.0,0.2296,0.3014
5.0,6250,-0.3,2.0,0.2297,0.302
3.5,6500,-0.3,2.0,0.2046,0.3135
4.0,6500,-0.3,2.0,0.2099,0.3081
4.5,6500,-0.3,2.0,0.2105,0.3069
5.0,6500,-0.3,2.0,0.2117,0.3055
3.5,6750,-0.3,2.0,0.1859,0.3214
4.0,6750,-0.3,2.0,0.1921,0.3152
4.5,6750,-0.3,2.0,0.1948,0.3115
5.0,6750,-0.3,2.0,0.1977,0.3079
3.5,7000,-0.3,2.0,0.171,0.3273
4.0,7000,-0.3,2.0,0.176,0.3217
4.5,7000,-0.3,2.0,0.18,0.3167
5.0,7000,-0.3,2.0,0.1846,0.3115
3.5,7250,-0.3,2.0,0.2835,0.2289
4.0,7250,-0.3,2.0,0.1613,0.3268
4.5,7250,-0.3,2.0,0.1648,0.3222
5.0,7250,-0.3,2.0,0.1706,0.3164
3.5,7500,-0.3,2.0,0.2641,0.2399
4.0,7500,-0.3,2.0,0.1562,0.3263
4.5,7500,-0.3,2.0,0.1515,0.3266
5.0,7500,-0.3,2.0,0.1559,0.3215
3.5,7750,-0.3,2.0,0.2434,0.2499
4.0,7750,-0.3,2.0,0.2467,0.2448
4.5,7750,-0.3,2.0,0.1439,0.327
5.0,7750,-0.3,2.0,0.1444,0.3245
3.5,8000,-0.3,2.0,0.2192,0.2597
4.0,8000,-0.3,2.0,0.2272,0.2532
4.5,8000,-0.3,2.0,0.23,0.2497
5.0,8000,-0.3,2.0,0.1342,0.3263
3.5,8250,-0.3,2.0,0.2004,0.2635
4.0,8250,-0.3,2.0,0.2067,0.2582
4.5,8250,-0.3,2.0,0.2125,0.2555
5.0,8250,-0.3,2.0,0.2145,0.2526
3.5,8500,-0.3,2.0,0.1882,0.2623
4.0,8500,-0.3,2.0,0.1896,0.259
4.5,8500,-0.3,2.0,0.1953,0.2565
5.0,8500,-0.3,2.0,0.1998,0.2554
3.5,8750,-0.3,2.0,0.1784,0.2612
4.0,8750,-0.3,2.0,0.1786,0.2572
4.5,8750,-0.3,2.0,0.1793,0.2555
5.0,8750,-0.3,2.0,0.1852,0.2555
3.5,9000,-0.3,2.0,0.1714,0.2598
4.0,9000,-0.3,2.0,0.1706,0.2554
4.5,9000,-0.3,2.0,0.1695,0.2531
5.0,9000,-0.3,2.0,0.1698,0.2507
3.5,9250,-0.3,2.0,0.1657,0.2591
4.0,9250,-0.3,2.0,0.1643,0.2543
4.5,9250,-0.3,2.0,0.1629,0.2509
5.0,9250,-0.3,2.0,0.1614,0.2487
3.5,9500,-0.3,2.0,0.1608,0.2583
4.0,9500,-0.3,2.0,0.1597,0.2527
4.5,9500,-0.3,2.0,0.1574,0.2495
5.0,9500,-0.3,2.0,0.1548,0.247
3.5,9750,-0.3,2.0,0.1555,0.2584
4.0,9750,-0.3,2.0,0.1545,0.2522
4.5,9750,-0.3,2.0,0.1526,0.2483
5.0,9750,-0.3,2.0,0.1494,0.246
3.5,10000,-0.3,2.0,0.1511,0.2577
4.0,10000,-0.3,2.0,0.1504,0.2512
4.5,10000,-0.3,2.0,0.148,0.2477
5.0,10000,-0.3,2.0,0.1443,0.2458
3.5,3500,-0.2,2.0,0.4345,0.2492
4.0,3500,-0.2,2.0,0.3213,0.3401
4.5,3500,-0.2,2.0,0.2545,0.3895
5.0,3500,-0.2,2.0,0.2179,0.4141
3.5,3750,-0.2,2.0,0.5455,0.1405
4.0,3750,-0.2,2.0,0.3689,0.2914
4.5,3750,-0.2,2.0,0.2424,0.3887
5.0,3750,-0.2,2.0,0.1778,0.4307
3.5,4000,-0.2,2.0,0.5835,0.1098
4.0,4000,-0.2,2.0,0.4986,0.1752
4.5,4000,-0.2,2.0,0.3321,0.3086
5.0,4000,-0.2,2.0,0.2059,0.3986
3.5,4250,-0.2,2.0,0.5386,0.1378
4.0,4250,-0.2,2.0,0.5366,0.138
4.5,4250,-0.2,2.0,0.4736,0.1874
5.0,4250,-0.2,2.0,0.3327,0.2949
3.5,4500,-0.2,2.0,0.4998,0.1577
4.0,4500,-0.2,2.0,0.5016,0.1549
4.5,4500,-0.2,2.0,0.5002,0.1556
5.0,4500,-0.2,2.0,0.4561,0.1917
3.5,4750,-0.2,2.0,0.4561,0.1857
4.0,4750,-0.2,2.0,0.4607,0.1803
4.5,4750,-0.2,2.0,0.4626,0.178
5.0,4750,-0.2,2.0,0.4607,0.1801
3.5,5000,-0.2,2.0,0.4099,0.215
4.0,5000,-0.2,2.0,0.4154,0.2098
4.5,5000,-0.2,2.0,0.42,0.2058
5.0,5000,-0.2,2.0,0.4216,0.2048
3.5,5250,-0.2,2.0,0.3628,0.2433
4.0,5250,-0.2,2.0,0.3697,0.2376
4.5,5250,-0.2,2.0,0.375,0.2338
5.0,5250,-0.2,2.0,0.3767,0.2337
3.5,5500,-0.2,2.0,0.3183,0.2683
4.0,5500,-0.2,2.0,0.3267,0.2617
4.5,5500,-0.2,2.0,0.3325,0.2578
5.0,5500,-0.2,2.0,0.3326,0.2596
3.5,5750,-0.2,2.0,0.28,0.2872
4.0,5750,-0.2,2.0,0.2891,0.2807
4.5,5750,-0.2,2.0,0.2943,0.2772
5.0,5750,-0.2,2.0,0.2963,0.2772
3.5,6000,-0.2,2.0,0.2491,0.3
4.0,6000,-0.2,2.0,0.257,0.2942
4.5,6000,-0.2,2.0,0.2607,0.2919
5.0,6000,-0.2,2.0,0.2621,0.2923
3.5,6250,-0.2,2.0,0.226,0.3075
4.0,6250,-0.2,2.0,0.2327,0.3023
4.5,6250,-0.2,2.0,0.2355,0.3002
5.0,6250,-0.2,2.0,0.2368,0.3
3.5,6500,-0.2,2.0,0.2064,0.3144
4.0,6500,-0.2,2.0,0.2126,0.3087
4.5,6500,-0.2,2.0,0.215,0.3063
5.0,6500,-0.2,2.0,0.217,0.3047
3.5,6750,-0.2,2.0,0.1872,0.3222
4.0,6750,-0.2,2.0,0.194,0.3159
4.5,6750,-0.2,2.0,0.1976,0.3116
5.0,6750,-0.2,2.0,0.2017,0.3075
3.5,7000,-0.2,2.0,0.1729,0.3277
4.0,7000,-0.2,2.0,0.178,0.322
4.5,7000,-0.2,2.0,0.1824,0.3169
5.0,7000,-0.2,2.0,0.188,0.3114
3.5,7250,-0.2,2.0,0.285,0.2301
4.0,7250,-0.2,2.0,0.1637,0.3268
4.5,7250,-0.2,2.0,0.1673,0.3221
5.0,7250,-0.2,2.0,0.1742,0.3159
3.5,7500,-0.2,2.0,0.2645,0.2423
4.0,7500,-0.2,2.0,0.267,0.237
4.5,7500,-0.2,2.0,0.1546,0.3263
5.0,7500,-0.2,2.0,0.1599,0.3207
3.5,7750,-0.2,2.0,0.2435,0.2527
4.0,7750,-0.2,2.0,0.2476,0.2473
4.5,7750,-0.2,2.0,0.149,0.3256
5.0,7750,-0.2,2.0,0.149,0.3234
3.5,8000,-0.2,2.0,0.2208,0.2611
4.0,8000,-0.2,2.0,0.2284,0.2555
4.5,8000,-0.2,2.0,0.2319,0.2519
5.0,8000,-0.2,2.0,0.1407,0.324
3.5,8250,-0.2,2.0,0.2017,0.265
4.0,8250,-0.2,2.0,0.2084,0.26
4.5,8250,-0.2,2.0,0.215,0.2574
5.0,8250,-0.2,2.0,0.2164,0.2559
3.5,8500,-0.2,2.0,0.1892,0.2636
4.0,8500,-0.2,2.0,0.1916,0.2604
4.5,8500,-0.2,2.0,0.1981,0.2581
5.0,8500,-0.2,2.0,0.2028,0.2581
3.5,8750,-0.2,2.0,0.1791,0.2621
4.0,8750,-0.2,2.0,0.1805,0.2582
4.5,8750,-0.2,2.0,0.1823,0.2568
5.0,8750,-0.2,2.0,0.1881,0.2581
3.5,9000,-0.2,2.0,0.1721,0.2605
4.0,9000,-0.2,2.0,0.1718,0.2565
4.5,9000,-0.2,2.0,0.1733,0.2531
5.0,9000,-0.2,2.0,0.1761,0.2503
3.5,9250,-0.2,2.0,0.1664,0.2595
4.0,9250,-0.2,2.0,0.1661,0.2544
4.5,9250,-0.2,2.0,0.166,0.2511
5.0,9250,-0.2,2.0,0.1665,0.2488
3.5,9500,-0.2,2.0,0.1618,0.2586
4.0,9500,-0.2,2.0,0.1608,0.2533
4.5,9500,-0.2,2.0,0.1595,0.2502
5.0,9500,-0.2,2.0,0.1591,0.2475
3.5,9750,-0.2,2.0,0.157,0.2582
4.0,9750,-0.2,2.0,0.1563,0.2521
4.5,9750,-0.2,2.0,0.1547,0.2489
5.0,9750,-0.2,2.0,0.1534,0.2465
3.5,10000,-0.2,2.0,0.1526,0.2578
4.0,10000,-0.2,2.0,0.1521,0.2512
4.5,10000,-0.2,2.0,0.15,0.2482
5.0,10000,-0.2,2.0,0.1488,0.2454
3.5,3500,-0.1,2.0,0.4798,0.204
4.0,3500,-0.1,2.0,0.3578,0.3071
4.5,3500,-0.1,2.0,0.2823,0.3665
5.0,3500,-0.1,2.0,0.2402,0.3981
3.5,3750,-0.1,2.0,0.5858,0.104
4.0,3750,-0.1,2.0,0.4191,0.2482
4.5,3750,-0.1,2.0,0.2773,0.3611
5.0,3750,-0.1,2.0,0.2013,0.4148
3.5,4000,-0.1,2.0,0.5934,0.1017
4.0,4000,-0.1,2.0,0.5298,0.1517
4.5,4000,-0.1,2.0,0.3692,0.2816
5.0,4000,-0.1,2.0,0.232,0.3828
3.5,4250,-0.1,2.0,0.5427,0.1374
4.0,4250,-0.1,2.0,0.5428,0.1352
4.5,4250,-0.1,2.0,0.4915,0.1759
5.0,4250,-0.1,2.0,0.3562,0.2811
3.5,4500,-0.1,2.0,0.5036,0.1576
4.0,4500,-0.1,2.0,0.5056,0.1543
4.5,4500,-0.1,2.0,0.5052,0.154
5.0,4500,-0.1,2.0,0.4685,0.1847
3.5,4750,-0.1,2.0,0.4603,0.1854
4.0,4750,-0.1,2.0,0.4647,0.18
4.5,4750,-0.1,2.0,0.4677,0.1764
5.0,4750,-0.1,2.0,0.4669,0.1771
3.5,5000,-0.1,2.0,0.4133,0.2154
4.0,5000,-0.1,2.0,0.4198,0.2092
4.5,5000,-0.1,2.0,0.4238,0.2058
5.0,5000,-0.1,2.0,0.4261,0.2039
3.5,5250,-0.1,2.0,0.367,0.2426
4.0,5250,-0.1,2.0,0.3744,0.2367
4.5,5250,-0.1,2.0,0.3788,0.2338
5.0,5250,-0.1,2.0,0.3815,0.2327
3.5,5500,-0.1,2.0,0.3233,0.2667
4.0,5500,-0.1,2.0,0.3316,0.2604
4.5,5500,-0.1,2.0,0.3369,0.257
5.0,5500,-0.1,2.0,0.3389,0.2571
3.5,5750,-0.1,2.0,0.2836,0.2869
4.0,5750,-0.1,2.0,0.2921,0.2808
4.5,5750,-0.1,2.0,0.2991,0.2757
5.0,5750,-0.1,2.0,0.3005,0.2765
3.5,6000,-0.1,2.0,0.2503,0.301
4.0,6000,-0.1,2.0,0.2586,0.2952
4.5,6000,-0.1,2.0,0.2653,0.2909
5.0,6000,-0.1,2.0,0.2667,0.2916
3.5,6250,-0.1,2.0,0.225,0.3097
4.0,6250,-0.1,2.0,0.2325,0.3043
4.5,6250,-0.1,2.0,0.2383,0.3004
5.0,6250,-0.1,2.0,0.2395,0.3006
3.5,6500,-0.1,2.0,0.2046,0.3167
4.0,6500,-0.1,2.0,0.2124,0.3105
4.5,6500,-0.1,2.0,0.217,0.3068
5.0,6500,-0.1,2.0,0.2186,0.3057
3.5,6750,-0.1,2.0,0.1866,0.3237
4.0,6750,-0.1,2.0,0.1944,0.3168
4.5,6750,-0.1,2.0,0.1992,0.3121
5.0,6750,-0.1,2.0,0.2023,0.309
3.5,7000,-0.1,2.0,0.1711,0.3292
4.0,7000,-0.1,2.0,0.1776,0.3232
4.5,7000,-0.1,2.0,0.1827,0.3177
5.0,7000,-0.1,2.0,0.1882,0.3127
3.5,7250,-0.1,2.0,0.1583,0.3246
4.0,7250,-0.1,2.0,0.163,0.328
4.5,7250,-0.1,2.0,0.1671,0.3229
5.0,7250,-0.1,2.0,0.1737,0.317
3.5,7500,-0.1,2.0,0.1834,0.3036
4.0,7500,-0.1,2.0,0.1497,0.3311
4.5,7500,-0.1,2.0,0.1534,0.3275
5.0,7500,-0.1,2.0,0.159,0.322
3.5,7750,-0.1,2.0,0.2061,0.2841
4.0,7750,-0.1,2.0,0.1582,0.3154
4.5,7750,-0.1,2.0,0.1375,0.331
5.0,7750,-0.1,2.0,0.1475,0.3249
3.5,8000,-0.1,2.0,0.2134,0.2694
4.0,8000,-0.1,2.0,0.1828,0.293
4.5,8000,-0.1,2.0,0.1399,0.3238
5.0,8000,-0.1,2.0,0.1366,0.3264
3.5,8250,-0.1,2.0,0.1997,0.2681
4.0,8250,-0.1,2.0,0.1972,0.2717
4.5,8250,-0.1,2.0,0.1601,0.3031
5.0,8250,-0.1,2.0,0.128,0.3245
3.5,8500,-0.1,2.0,0.1871,0.2665
4.0,8500,-0.1,2.0,0.1891,0.2638
4.5,8500,-0.1,2.0,0.1804,0.275
5.0,8500,-0.1,2.0,0.1406,0.3098
3.5,8750,-0.1,2.0,0.1782,0.2633
4.0,8750,-0.1,2.0,0.1787,0.2603
4.5,8750,-0.1,2.0,0.1794,0.2602
5.0,8750,-0.1,2.0,0.1613,0.282
3.5,9000,-0.1,2.0,0.1711,0.2615
4.0,9000,-0.1,2.0,0.1706,0.2578
4.5,9000,-0.1,2.0,0.1714,0.2552
5.0,9000,-0.1,2.0,0.1735,0.2532
3.5,9250,-0.1,2.0,0.1657,0.2605
4.0,9250,-0.1,2.0,0.1645,0.256
4.5,9250,-0.1,2.0,0.1638,0.2532
5.0,9250,-0.1,2.0,0.1646,0.2507
3.5,9500,-0.1,2.0,0.1615,0.2592
4.0,9500,-0.1,2.0,0.1602,0.254
4.5,9500,-0.1,2.0,0.158,0.2514
5.0,9500,-0.1,2.0,0.1574,0.249
3.5,9750,-0.1,2.0,0.157,0.2587
4.0,9750,-0.1,2.0,0.1559,0.2528
4.5,9750,-0.1,2.0,0.1541,0.2494
5.0,9750,-0.1,2.0,0.1521,0.2474
3.5,10000,-0.1,2.0,0.1528,0.2584
4.0,10000,-0.1,2.0,0.1522,0.2516
4.5,10000,-0.1,2.0,0.1503,0.248
5.0,10000,-0.1,2.0,0.1477,0.2462
3.5,3500,0.0,2.0,0.5206,0.1676
4.0,3500,0.0,2.0,0.3934,0.277
4.5,3500,0.0,2.0,0.3109,0.3446
5.0,3500,0.0,2.0,0.2594,0.3847
3.5,3750,0.0,2.0,0.6163,0.0772
4.0,3750,0.0,2.0,0.4708,0.2046
4.5,3750,0.0,2.0,0.3165,0.3315
5.0,3750,0.0,2.0,0.2263,0.3985
3.5,4000,0.0,2.0,0.6037,0.0945
4.0,4000,0.0,2.0,0.5586,0.1295
4.5,4000,0.0,2.0,0.409,0.2526
5.0,4000,0.0,2.0,0.2604,0.3657
3.5,4250,0.0,2.0,0.549,0.1357
4.0,4250,0.0,2.0,0.5508,0.1321
4.5,4250,0.0,2.0,0.5096,0.1654
5.0,4250,0.0,2.0,0.3807,0.2678
3.5,4500,0.0,2.0,0.51,0.1558
4.0,4500,0.0,2.0,0.5126,0.1521
4.5,4500,0.0,2.0,0.5126,0.1514
5.0,4500,0.0,2.0,0.4801,0.1795
3.5,4750,0.0,2.0,0.4684,0.1817
4.0,4750,0.0,2.0,0.4722,0.1771
4.5,4750,0.0,2.0,0.4757,0.1731
5.0,4750,0.0,2.0,0.476,0.1728
3.5,5000,0.0,2.0,0.4219,0.2119
4.0,5000,0.0,2.0,0.4282,0.206
4.5,5000,0.0,2.0,0.4338,0.2008
5.0,5000,0.0,2.0,0.4357,0.1993
3.5,5250,0.0,2.0,0.3747,0.2406
4.0,5250,0.0,2.0,0.3842,0.2327
4.5,5250,0.0,2.0,0.3891,0.2293
5.0,5250,0.0,2.0,0.3924,0.2275
3.5,5500,0.0,2.0,0.3312,0.2652
4.0,5500,0.0,2.0,0.3413,0.2569
4.5,5500,0.0,2.0,0.3464,0.2538
5.0,5500,0.0,2.0,0.349,0.2535
3.5,5750,0.0,2.0,0.2895,0.2877
4.0,5750,0.0,2.0,0.2986,0.2806
4.5,5750,0.0,2.0,0.3075,0.2743
5.0,5750,0.0,2.0,0.3095,0.2746
3.5,6000,0.0,2.0,0.2526,0.3049
4.0,6000,0.0,2.0,0.263,0.2978
4.5,6000,0.0,2.0,0.2708,0.2925
5.0,6000,0.0,2.0,0.2726,0.2929
3.5,6250,0.0,2.0,0.2242,0.3158
4.0,6250,0.0,2.0,0.2346,0.3086
4.5,6250,0.0,2.0,0.2411,0.3045
5.0,6250,0.0,2.0,0.2434,0.3039
3.5,6500,0.0,2.0,0.2028,0.3226
4.0,6500,0.0,2.0,0.2121,0.3149
4.5,6500,0.0,2.0,0.2179,0.3109
5.0,6500,0.0,2.0,0.22,0.3097
3.5,6750,0.0,2.0,0.1843,0.328
4.0,6750,0.0,2.0,0.193,0.3213
4.5,6750,0.0,2.0,0.1982,0.3168
5.0,6750,0.0,2.0,0.2017,0.3142
3.5,7000,0.0,2.0,0.1689,0.333
4.0,7000,0.0,2.0,0.1757,0.3271
4.5,7000,0.0,2.0,0.1812,0.322
5.0,7000,0.0,2.0,0.1865,0.3177
3.5,7250,0.0,2.0,0.161,0.3285
4.0,7250,0.0,2.0,0.1582,0.3326
4.5,7250,0.0,2.0,0.1649,0.3274
5.0,7250,0.0,2.0,0.1721,0.3216
3.5,7500,0.0,2.0,0.1851,0.3033
4.0,7500,0.0,2.0,0.1442,0.3341
4.5,7500,0.0,2.0,0.1515,0.3313
5.0,7500,0.0,2.0,0.1568,0.3265
3.5,7750,0.0,2.0,0.2062,0.2855
4.0,7750,0.0,2.0,0.158,0.3173
4.5,7750,0.0,2.0,0.1413,0.3326
5.0,7750,0.0,2.0,0.1447,0.3294
3.5,8000,0.0,2.0,0.2127,0.2713
4.0,8000,0.0,2.0,0.183,0.2945
4.5,8000,0.0,2.0,0.1391,0.327
5.0,8000,0.0,2.0,0.133,0.3313
3.5,8250,0.0,2.0,0.1975,0.2715
4.0,8250,0.0,2.0,0.1966,0.2737
4.5,8250,0.0,2.0,0.1605,0.3043
5.0,8250,0.0,2.0,0.1236,0.3292
3.5,8500,0.0,2.0,0.1854,0.2691
4.0,8500,0.0,2.0,0.187,0.2672
4.5,8500,0.0,2.0,0.1789,0.2779
5.0,8500,0.0,2.0,0.1409,0.3116
3.5,8750,0.0,2.0,0.1771,0.2648
4.0,8750,0.0,2.0,0.1769,0.263
4.5,8750,0.0,2.0,0.1776,0.2632
5.0,8750,0.0,2.0,0.1605,0.2842
3.5,9000,0.0,2.0,0.1708,0.262
4.0,9000,0.0,2.0,0.1696,0.2591
4.5,9000,0.0,2.0,0.1698,0.2574
5.0,9000,0.0,2.0,0.1707,0.257
3.5,9250,0.0,2.0,0.166,0.2603
4.0,9250,0.0,2.0,0.164,0.2564
4.5,9250,0.0,2.0,0.1628,0.2543
5.0,9250,0.0,2.0,0.1625,0.2533
3.5,9500,0.0,2.0,0.1613,0.2598
4.0,9500,0.0,2.0,0.1596,0.2546
4.5,9500,0.0,2.0,0.1572,0.2522
5.0,9500,0.0,2.0,0.1563,0.2501
3.5,9750,0.0,2.0,0.1568,0.2596
4.0,9750,0.0,2.0,0.1554,0.2537
4.5,9750,0.0,2.0,0.1527,0.2507
5.0,9750,0.0,2.0,0.1507,0.2487
3.5,10000,0.0,2.0,0.1533,0.2588
4.0,10000,0.0,2.0,0.1518,0.2525
4.5,10000,0.0,2.0,0.1493,0.2491
5.0,10000,0.0,2.0,0.1468,0.2469
3.5,3500,0.1,2.0,0.5413,0.148
4.0,3500,0.1,2.0,0.426,0.2495
4.5,3500,0.1,2.0,0.337,0.3238
5.0,3500,0.1,2.0,0.28,0.3683
3.5,3750,0.1,2.0,0.6293,0.0638
4.0,3750,0.1,2.0,0.5151,0.1641
4.5,3750,0.1,2.0,0.3594,0.2959
5.0,3750,0.1,2.0,0.2575,0.3748
3.5,4000,0.1,2.0,0.6074,0.0903
4.0,4000,0.1,2.0,0.5788,0.1105
4.5,4000,0.1,2.0,0.4511,0.2175
5.0,4000,0.1,2.0,0.2975,0.3382
3.5,4250,0.1,2.0,0.5499,0.1367
4.0,4250,0.1,2.0,0.5529,0.1311
4.5,4250,0.1,2.0,0.5247,0.1532
5.0,4250,0.1,2.0,0.409,0.2471
3.5,4500,0.1,2.0,0.5098,0.158
4.0,4500,0.1,2.0,0.5126,0.1538
4.5,4500,0.1,2.0,0.5135,0.1518
5.0,4500,0.1,2.0,0.4892,0.1728
3.5,4750,0.1,2.0,0.4689,0.1831
4.0,4750,0.1,2.0,0.4737,0.1771
4.5,4750,0.1,2.0,0.4767,0.1732
5.0,4750,0.1,2.0,0.4774,0.1723
3.5,5000,0.1,2.0,0.4248,0.2113
4.0,5000,0.1,2.0,0.4301,0.2059
4.5,5000,0.1,2.0,0.4351,0.2009
5.0,5000,0.1,2.0,0.4381,0.198
3.5,5250,0.1,2.0,0.3781,0.2398
4.0,5250,0.1,2.0,0.386,0.2329
4.5,5250,0.1,2.0,0.3924,0.2277
5.0,5250,0.1,2.0,0.3951,0.2263
3.5,5500,0.1,2.0,0.334,0.265
4.0,5500,0.1,2.0,0.3441,0.2565
4.5,5500,0.1,2.0,0.3495,0.2528
5.0,5500,0.1,2.0,0.3536,0.2509
3.5,5750,0.1,2.0,0.2941,0.286
4.0,5750,0.1,2.0,0.3042,0.278
4.5,5750,0.1,2.0,0.3104,0.2736
5.0,5750,0.1,2.0,0.3146,0.2717
3.5,6000,0.1,2.0,0.2577,0.3034
4.0,6000,0.1,2.0,0.2666,0.2968
4.5,6000,0.1,2.0,0.2756,0.2905
5.0,6000,0.1,2.0,0.2793,0.2888
3.5,6250,0.1,2.0,0.2276,0.3155
4.0,6250,0.1,2.0,0.2366,0.309
4.5,6250,0.1,2.0,0.2445,0.3039
5.0,6250,0.1,2.0,0.2477,0.3023
3.5,6500,0.1,2.0,0.2038,0.3238
4.0,6500,0.1,2.0,0.2125,0.3179
4.5,6500,0.1,2.0,0.2192,0.3127
5.0,6500,0.1,2.0,0.2225,0.3106
3.5,6750,0.1,2.0,0.1816,0.336
4.0,6750,0.1,2.0,0.1907,0.3294
4.5,6750,0.1,2.0,0.1977,0.3241
5.0,6750,0.1,2.0,0.2025,0.3206
3.5,7000,0.1,2.0,0.1652,0.34
4.0,7000,0.1,2.0,0.1718,0.3354
4.5,7000,0.1,2.0,0.1787,0.3295
5.0,7000,0.1,2.0,0.1841,0.3254
3.5,7250,0.1,2.0,0.1596,0.3297
4.0,7250,0.1,2.0,0.1596,0.3343
4.5,7250,0.1,2.0,0.1631,0.3302
5.0,7250,0.1,2.0,0.1699,0.3245
3.5,7500,0.1,2.0,0.1869,0.3029
4.0,7500,0.1,2.0,0.141,0.3364
4.5,7500,0.1,2.0,0.1495,0.3338
5.0,7500,0.1,2.0,0.1551,0.3285
3.5,7750,0.1,2.0,0.2047,0.2886
4.0,7750,0.1,2.0,0.1592,0.3205
4.5,7750,0.1,2.0,0.1333,0.3368
5.0,7750,0.1,2.0,0.1431,0.3313
3.5,8000,0.1,2.0,0.2103,0.2749
4.0,8000,0.1,2.0,0.1824,0.2971
4.5,8000,0.1,2.0,0.1417,0.3277
5.0,8000,0.1,2.0,0.1309,0.333
3.5,8250,0.1,2.0,0.1953,0.2751
4.0,8250,0.1,2.0,0.1953,0.2762
4.5,8250,0.1,2.0,0.1591,0.3066
5.0,8250,0.1,2.0,0.1262,0.3293
3.5,8500,0.1,2.0,0.183,0.2727
4.0,8500,0.1,2.0,0.184,0.2713
4.5,8500,0.1,2.0,0.1781,0.2796
5.0,8500,0.1,2.0,0.1407,0.3127
3.5,8750,0.1,2.0,0.1752,0.2674
4.0,8750,0.1,2.0,0.1743,0.2664
4.5,8750,0.1,2.0,0.1743,0.2671
5.0,8750,0.1,2.0,0.1601,0.2852
3.5,9000,0.1,2.0,0.1697,0.2635
4.0,9000,0.1,2.0,0.1675,0.2616
4.5,9000,0.1,2.0,0.1669,0.2607
5.0,9000,0.1,2.0,0.1684,0.2598
3.5,9250,0.1,2.0,0.1652,0.2614
4.0,9250,0.1,2.0,0.1626,0.258
4.5,9250,0.1,2.0,0.1608,0.2563
5.0,9250,0.1,2.0,0.1599,0.2559
3.5,9500,0.1,2.0,0.1616,0.26
4.0,9500,0.1,2.0,0.1586,0.2557
4.5,9500,0.1,2.0,0.1559,0.2533
5.0,9500,0.1,2.0,0.154,0.252
3.5,9750,0.1,2.0,0.1573,0.2599
4.0,9750,0.1,2.0,0.1553,0.254
4.5,9750,0.1,2.0,0.1519,0.2514
5.0,9750,0.1,2.0,0.1498,0.2492
3.5,10000,0.1,2.0,0.1528,0.2603
4.0,10000,0.1,2.0,0.1514,0.2535
4.5,10000,0.1,2.0,0.1486,0.2499
5.0,10000,0.1,2.0,0.1456,0.2478
3.5,3500,0.2,2.0,0.5642,0.1276
4.0,3500,0.2,2.0,0.4602,0.2204
4.5,3500,0.2,2.0,0.3569,0.3063
5.0,3500,0.2,2.0,0.2955,0.3557
3.5,3750,0.2,2.0,0.6372,0.056
4.0,3750,0.2,2.0,0.5543,0.1285
4.5,3750,0.2,2.0,0.4044,0.259
5.0,3750,0.2,2.0,0.286,0.3502
3.5,4000,0.2,2.0,0.6138,0.0848
4.0,4000,0.2,2.0,0.5956,0.0955
4.5,4000,0.2,2.0,0.4913,0.1839
5.0,4000,0.2,2.0,0.3351,0.3097
3.5,4250,0.2,2.0,0.5542,0.1358
4.0,4250,0.2,2.0,0.5585,0.1283
4.5,4250,0.2,2.0,0.5382,0.1434
5.0,4250,0.2,2.0,0.4362,0.2275
3.5,4500,0.2,2.0,0.5123,0.1592
4.0,4500,0.2,2.0,0.5159,0.154
4.5,4500,0.2,2.0,0.5175,0.1512
5.0,4500,0.2,2.0,0.4971,0.1694
3.5,4750,0.2,2.0,0.4729,0.1825
4.0,4750,0.2,2.0,0.4775,0.1765
4.5,4750,0.2,2.0,0.4809,0.1722
5.0,4750,0.2,2.0,0.4818,0.1709
3.5,5000,0.2,2.0,0.4281,0.2117
4.0,5000,0.2,2.0,0.4352,0.2043
4.5,5000,0.2,2.0,0.4404,0.1989
5.0,5000,0.2,2.0,0.4437,0.1956
3.5,5250,0.2,2.0,0.3838,0.2382
4.0,5250,0.2,2.0,0.3919,0.2311
4.5,5250,0.2,2.0,0.3985,0.2255
5.0,5250,0.2,2.0,0.4015,0.2237
3.5,5500,0.2,2.0,0.3398,0.2638
4.0,5500,0.2,2.0,0.3499,0.2552
4.5,5500,0.2,2.0,0.3559,0.2507
5.0,5500,0.2,2.0,0.3604,0.2484
3.5,5750,0.2,2.0,0.299,0.286
4.0,5750,0.2,2.0,0.3099,0.2771
4.5,5750,0.2,2.0,0.3166,0.272
5.0,5750,0.2,2.0,0.3209,0.27
3.5,6000,0.2,2.0,0.2614,0.3047
4.0,6000,0.2,2.0,0.2723,0.2963
4.5,6000,0.2,2.0,0.2798,0.2911
5.0,6000,0.2,2.0,0.2858,0.2874
3.5,6250,0.2,2.0,0.2293,0.3183
4.0,6250,0.2,2.0,0.2387,0.3118
4.5,6250,0.2,2.0,0.2482,0.3053
5.0,6250,0.2,2.0,0.2532,0.3021
3.5,6500,0.2,2.0,0.2039,0.3276
4.0,6500,0.2,2.0,0.2131,0.3212
4.5,6500,0.2,2.0,0.2213,0.3152
5.0,6500,0.2,2.0,0.2254,0.3127
3.5,6750,0.2,2.0,0.1821,0.3353
4.0,6750,0.2,2.0,0.1912,0.3285
4.5,6750,0.2,2.0,0.198,0.3234
5.0,6750,0.2,2.0,0.203,0.3196
3.5,7000,0.2,2.0,0.1655,0.3395
4.0,7000,0.2,2.0,0.1723,0.3345
4.5,7000,0.2,2.0,0.1791,0.3286
5.0,7000,0.2,2.0,0.1845,0.3244
3.5,7250,0.2,2.0,0.1605,0.3276
4.0,7250,0.2,2.0,0.1578,0.3379
4.5,7250,0.2,2.0,0.1614,0.3341
5.0,7250,0.2,2.0,0.1682,0.3287
3.5,7500,0.2,2.0,0.1877,0.3045
4.0,7500,0.2,2.0,0.1404,0.3381
4.5,7500,0.2,2.0,0.1474,0.3375
5.0,7500,0.2,2.0,0.1526,0.3328
3.5,7750,0.2,2.0,0.2039,0.291
4.0,7750,0.2,2.0,0.1597,0.3216
4.5,7750,0.2,2.0,0.1345,0.3382
5.0,7750,0.2,2.0,0.141,0.3347
3.5,8000,0.2,2.0,0.2081,0.2783
4.0,8000,0.2,2.0,0.1816,0.2999
4.5,8000,0.2,2.0,0.14,0.3297
5.0,8000,0.2,2.0,0.1266,0.3366
3.5,8250,0.2,2.0,0.1931,0.2786
4.0,8250,0.2,2.0,0.1932,0.2794
4.5,8250,0.2,2.0,0.1593,0.3077
5.0,8250,0.2,2.0,0.1286,0.3309
3.5,8500,0.2,2.0,0.1811,0.2758
4.0,8500,0.2,2.0,0.182,0.2747
4.5,8500,0.2,2.0,0.1764,0.2824
5.0,8500,0.2,2.0,0.1381,0.3157
3.5,8750,0.2,2.0,0.1739,0.2696
4.0,8750,0.2,2.0,0.1721,0.2697
4.5,8750,0.2,2.0,0.1723,0.2703
5.0,8750,0.2,2.0,0.1595,0.287
3.5,9000,0.2,2.0,0.1682,0.2655
4.0,9000,0.2,2.0,0.1661,0.2635
4.5,9000,0.2,2.0,0.1653,0.2632
5.0,9000,0.2,2.0,0.1656,0.2636
3.5,9250,0.2,2.0,0.1646,0.2623
4.0,9250,0.2,2.0,0.1617,0.2591
4.5,9250,0.2,2.0,0.1591,0.2584
5.0,9250,0.2,2.0,0.1577,0.2585
3.5,9500,0.2,2.0,0.1608,0.2613
4.0,9500,0.2,2.0,0.1577,0.2568
4.5,9500,0.2,2.0,0.155,0.2543
5.0,9500,0.2,2.0,0.1521,0.2542
3.5,9750,0.2,2.0,0.1573,0.2606
4.0,9750,0.2,2.0,0.1548,0.2549
4.5,9750,0.2,2.0,0.1512,0.2522
5.0,9750,0.2,2.0,0.1483,0.2506
3.5,10000,0.2,2.0,0.1534,0.2606
4.0,10000,0.2,2.0,0.1517,0.2538
4.5,10000,0.2,2.0,0.1484,0.2504
5.0,10000,0.2,2.0,0.1452,0.2481
3.5,3500,0.3,2.0,0.5715,0.1209
4.0,3500,0.3,2.0,0.4789,0.2032
4.5,3500,0.3,2.0,0.3786,0.2887
5.0,3500,0.3,2.0,0.311,0.3435
3.5,3750,0.3,2.0,0.6397,0.0533
4.0,3750,0.3,2.0,0.5834,0.1016
4.5,3750,0.3,2.0,0.4466,0.2219
5.0,3750,0.3,2.0,0.3199,0.3249
3.5,4000,0.3,2.0,0.6197,0.0797
4.0,4000,0.3,2.0,0.6075,0.0845
4.5,4000,0.3,2.0,0.5227,0.1554
5.0,4000,0.3,2.0,0.3772,0.2765
3.5,4250,0.3,2.0,0.559,0.1343
4.0,4250,0.3,2.0,0.5645,0.1251
4.5,4250,0.3,2.0,0.5497,0.1349
5.0,4250,0.3,2.0,0.4638,0.2063
3.5,4500,0.3,2.0,0.5154,0.1599
4.0,4500,0.3,2.0,0.5191,0.1545
4.5,4500,0.3,2.0,0.5218,0.1504
5.0,4500,0.3,2.0,0.5049,0.1647
3.5,4750,0.3,2.0,0.4765,0.1827
4.0,4750,0.3,2.0,0.4815,0.176
4.5,4750,0.3,2.0,0.4845,0.1719
5.0,4750,0.3,2.0,0.4867,0.1693
3.5,5000,0.3,2.0,0.4328,0.211
4.0,5000,0.3,2.0,0.4401,0.2032
4.5,5000,0.3,2.0,0.4453,0.1976
5.0,5000,0.3,2.0,0.4489,0.1937
3.5,5250,0.3,2.0,0.3892,0.2373
4.0,5250,0.3,2.0,0.3976,0.2296
4.5,5250,0.3,2.0,0.4026,0.2253
5.0,5250,0.3,2.0,0.4078,0.2211
3.5,5500,0.3,2.0,0.3459,0.2626
4.0,5500,0.3,2.0,0.3553,0.2543
4.5,5500,0.3,2.0,0.3614,0.2496
5.0,5500,0.3,2.0,0.3661,0.2469
3.5,5750,0.3,2.0,0.3035,0.2865
4.0,5750,0.3,2.0,0.3152,0.2766
4.5,5750,0.3,2.0,0.3227,0.2709
5.0,5750,0.3,2.0,0.3275,0.2682
3.5,6000,0.3,2.0,0.2653,0.3059
4.0,6000,0.3,2.0,0.2775,0.2965
4.5,6000,0.3,2.0,0.285,0.2911
5.0,6000,0.3,2.0,0.2918,0.2864
3.5,6250,0.3,2.0,0.2316,0.3209
4.0,6250,0.3,2.0,0.2416,0.3141
4.5,6250,0.3,2.0,0.2517,0.3068
5.0,6250,0.3,2.0,0.2578,0.3027
3.5,6500,0.3,2.0,0.2031,0.3316
4.0,6500,0.3,2.0,0.2122,0.3258
4.5,6500,0.3,2.0,0.2232,0.3183
5.0,6500,0.3,2.0,0.2274,0.3156
3.5,6750,0.3,2.0,0.1808,0.3394
4.0,6750,0.3,2.0,0.1903,0.3331
4.5,6750,0.3,2.0,0.1983,0.3271
5.0,6750,0.3,2.0,0.2036,0.3233
3.5,7000,0.3,2.0,0.1634,0.3426
4.0,7000,0.3,2.0,0.171,0.3385
4.5,7000,0.3,2.0,0.1778,0.3331
5.0,7000,0.3,2.0,0.1836,0.329
3.5,7250,0.3,2.0,0.1617,0.3275
4.0,7250,0.3,2.0,0.1555,0.3419
4.5,7250,0.3,2.0,0.1601,0.3378
5.0,7250,0.3,2.0,0.1666,0.3328
3.5,7500,0.3,2.0,0.1866,0.3089
4.0,7500,0.3,2.0,0.1454,0.3413
4.5,7500,0.3,2.0,0.1459,0.341
5.0,7500,0.3,2.0,0.1505,0.3369
3.5,7750,0.3,2.0,0.2042,0.2928
4.0,7750,0.3,2.0,0.1595,0.3224
4.5,7750,0.3,2.0,0.1368,0.3407
5.0,7750,0.3,2.0,0.1385,0.3385
3.5,8000,0.3,2.0,0.2063,0.2814
4.0,8000,0.3,2.0,0.1816,0.3016
4.5,8000,0.3,2.0,0.1385,0.3312
5.0,8000,0.3,2.0,0.123,0.3401
3.5,8250,0.3,2.0,0.1909,0.2823
4.0,8250,0.3,2.0,0.1911,0.2829
4.5,8250,0.3,2.0,0.1594,0.3092
5.0,8250,0.3,2.0,0.1272,0.3336
3.5,8500,0.3,2.0,0.1793,0.279
4.0,8500,0.3,2.0,0.1793,0.2788
4.5,8500,0.3,2.0,0.1754,0.2847
5.0,8500,0.3,2.0,0.1378,0.3173
3.5,8750,0.3,2.0,0.1722,0.2724
4.0,8750,0.3,2.0,0.1705,0.2726
4.5,8750,0.3,2.0,0.1691,0.2749
5.0,8750,0.3,2.0,0.1584,0.2893
3.5,9000,0.3,2.0,0.1676,0.2667
4.0,9000,0.3,2.0,0.1641,0.2664
4.5,9000,0.3,2.0,0.1627,0.2668
5.0,9000,0.3,2.0,0.163,0.2674
3.5,9250,0.3,2.0,0.1643,0.2632
4.0,9250,0.3,2.0,0.1603,0.261
4.5,9250,0.3,2.0,0.1572,0.2608
5.0,9250,0.3,2.0,0.1552,0.2617
3.5,9500,0.3,2.0,0.161,0.2616
4.0,9500,0.3,2.0,0.1577,0.2571
4.5,9500,0.3,2.0,0.1533,0.2562
5.0,9500,0.3,2.0,0.1504,0.2561
3.5,9750,0.3,2.0,0.1572,0.2615
4.0,9750,0.3,2.0,0.1544,0.2557
4.5,9750,0.3,2.0,0.1503,0.2532
5.0,9750,0.3,2.0,0.1464,0.2525
3.5,10000,0.3,2.0,0.1534,0.2617
4.0,10000,0.3,2.0,0.1514,0.2548
4.5,10000,0.3,2.0,0.1482,0.2508
5.0,10000,0.3,2.0,0.1439,0.2493
3.5,3500,0.5,2.0,0.5714,0.1222
4.0,3500,0.5,2.0,0.5148,0.1719
4.5,3500,0.5,2.0,0.4175,0.2556
5.0,3500,0.5,2.0,0.3377,0.322
3.5,3750,0.5,2.0,0.6372,0.0552
4.0,3750,0.5,2.0,0.6099,0.0762
4.5,3750,0.5,2.0,0.5197,0.1564
5.0,3750,0.5,2.0,0.3925,0.2669
3.5,4000,0.5,2.0,0.6305,0.0701
4.0,4000,0.5,2.0,0.6233,0.0694
4.5,4000,0.5,2.0,0.5807,0.1038
5.0,4000,0.5,2.0,0.4644,0.2038
3.5,4250,0.5,2.0,0.5703,0.1292
4.0,4250,0.5,2.0,0.5774,0.1171
4.5,4250,0.5,2.0,0.5696,0.1194
5.0,4250,0.5,2.0,0.5118,0.1672
3.5,4500,0.5,2.0,0.5225,0.1612
4.0,4500,0.5,2.0,0.5273,0.1543
4.5,4500,0.5,2.0,0.5311,0.1485
5.0,4500,0.5,2.0,0.5198,0.1569
3.5,4750,0.5,2.0,0.4845,0.1824
4.0,4750,0.5,2.0,0.4892,0.1759
4.5,4750,0.5,2.0,0.4934,0.1704
5.0,4750,0.5,2.0,0.4957,0.1674
3.5,5000,0.5,2.0,0.4422,0.2099
4.0,5000,0.5,2.0,0.4493,0.2018
4.5,5000,0.5,2.0,0.4553,0.1949
5.0,5000,0.5,2.0,0.4591,0.1905
3.5,5250,0.5,2.0,0.3988,0.237
4.0,5250,0.5,2.0,0.4078,0.2282
4.5,5250,0.5,2.0,0.4135,0.2228
5.0,5250,0.5,2.0,0.4196,0.2172
3.5,5500,0.5,2.0,0.3555,0.2628
4.0,5500,0.5,2.0,0.3653,0.2538
4.5,5500,0.5,2.0,0.373,0.2474
5.0,5500,0.5,2.0,0.3798,0.2422
3.5,5750,0.5,2.0,0.3114,0.2892
4.0,5750,0.5,2.0,0.3249,0.2771
4.5,5750,0.5,2.0,0.3343,0.2693
5.0,5750,0.5,2.0,0.3396,0.2658
3.5,6000,0.5,2.0,0.2726,0.3097
4.0,6000,0.5,2.0,0.285,0.2995
4.5,6000,0.5,2.0,0.2963,0.2905
5.0,6000,0.5,2.0,0.303,0.2857
3.5,6250,0.5,2.0,0.2362,0.3274
4.0,6250,0.5,2.0,0.2483,0.3188
4.5,6250,0.5,2.0,0.2586,0.3104
5.0,6250,0.5,2.0,0.2668,0.3048
3.5,6500,0.5,2.0,0.2044,0.3402
4.0,6500,0.5,2.0,0.2153,0.334
4.5,6500,0.5,2.0,0.227,0.3252
5.0,6500,0.5,2.0,0.2354,0.3193
3.5,6750,0.5,2.0,0.1775,0.3506
4.0,6750,0.5,2.0,0.189,0.3427
4.5,6750,0.5,2.0,0.1993,0.3359
5.0,6750,0.5,2.0,0.2054,0.3322
3.5,7000,0.5,2.0,0.1597,0.3521
4.0,7000,0.5,2.0,0.1676,0.349
4.5,7000,0.5,2.0,0.175,0.3439
5.0,7000,0.5,2.0,0.1811,0.3401
3.5,7250,0.5,2.0,0.1654,0.3374
4.0,7250,0.5,2.0,0.1507,0.3512
4.5,7250,0.5,2.0,0.1553,0.3484
5.0,7250,0.5,2.0,0.1619,0.3442
3.5,7500,0.5,2.0,0.1877,0.3149
4.0,7500,0.5,2.0,0.1445,0.3476
4.5,7500,0.5,2.0,0.1413,0.3506
5.0,7500,0.5,2.0,0.1459,0.3468
3.5,7750,0.5,2.0,0.2043,0.2976
4.0,7750,0.5,2.0,0.1613,0.3271
4.5,7750,0.5,2.0,0.129,0.3496
5.0,7750,0.5,2.0,0.1342,0.3473
3.5,8000,0.5,2.0,0.203,0.2872
4.0,8000,0.5,2.0,0.1827,0.305
4.5,8000,0.5,2.0,0.1427,0.3341
5.0,8000,0.5,2.0,0.1228,0.3474
3.5,8250,0.5,2.0,0.1874,0.2885
4.0,8250,0.5,2.0,0.1881,0.2885
4.5,8250,0.5,2.0,0.1611,0.3122
5.0,8250,0.5,2.0,0.1216,0.34
3.5,8500,0.5,2.0,0.1762,0.2851
4.0,8500,0.5,2.0,0.1757,0.2854
4.5,8500,0.5,2.0,0.1735,0.2895
5.0,8500,0.5,2.0,0.1401,0.3194
3.5,8750,0.5,2.0,0.1691,0.2784
4.0,8750,0.5,2.0,0.166,0.2802
4.5,8750,0.5,2.0,0.1654,0.2816
5.0,8750,0.5,2.0,0.1576,0.2928
3.5,9000,0.5,2.0,0.1659,0.2707
4.0,9000,0.5,2.0,0.1612,0.2719
4.5,9000,0.5,2.0,0.1581,0.2743
5.0,9000,0.5,2.0,0.1579,0.2756
3.5,9250,0.5,2.0,0.1635,0.2656
4.0,9250,0.5,2.0,0.1586,0.2643
4.5,9250,0.5,2.0,0.1535,0.2664
5.0,9250,0.5,2.0,0.1508,0.2686
3.5,9500,0.5,2.0,0.1609,0.2633
4.0,9500,0.5,2.0,0.1563,0.2596
4.5,9500,0.5,2.0,0.1509,0.2597
5.0,9500,0.5,2.0,0.1463,0.2616
3.5,9750,0.5,2.0,0.1574,0.2631
4.0,9750,0.5,2.0,0.1542,0.257
4.5,9750,0.5,2.0,0.1486,0.2556
5.0,9750,0.5,2.0,0.1438,0.2558
3.5,10000,0.5,2.0,0.1535,0.2638
4.0,10000,0.5,2.0,0.1515,0.2561
4.5,10000,0.5,2.0,0.147,0.2527
5.0,10000,0.5,2.0,0.1419,0.2517
3.5,3500,1.0,2.0,0.5354,0.1586
4.0,3500,1.0,2.0,0.5276,0.1661
4.5,3500,1.0,2.0,0.4769,0.21
5.0,3500,1.0,2.0,0.4016,0.2738
3.5,3750,1.0,2.0,0.6149,0.0768
4.0,3750,1.0,2.0,0.5963,0.0889
4.5,3750,1.0,2.0,0.5779,0.1033
5.0,3750,1.0,2.0,0.5251,0.1507
3.5,4000,1.0,2.0,0.6483,0.0544
4.0,4000,1.0,2.0,0.6383,0.0546
4.5,4000,1.0,2.0,0.6161,0.0689
5.0,4000,1.0,2.0,0.5849,0.0939
3.5,4250,1.0,2.0,0.6069,0.1053
4.0,4250,1.0,2.0,0.6134,0.0901
4.5,4250,1.0,2.0,0.6094,0.0855
5.0,4250,1.0,2.0,0.582,0.1051
3.5,4500,1.0,2.0,0.5467,0.1606
4.0,4500,1.0,2.0,0.555,0.1476
4.5,4500,1.0,2.0,0.5623,0.1352
5.0,4500,1.0,2.0,0.5563,0.1353
3.5,4750,1.0,2.0,0.5015,0.1902
4.0,4750,1.0,2.0,0.5078,0.1813
4.5,4750,1.0,2.0,0.5138,0.1729
5.0,4750,1.0,2.0,0.5187,0.1658
3.5,5000,1.0,2.0,0.461,0.2149
4.0,5000,1.0,2.0,0.469,0.2051
4.5,5000,1.0,2.0,0.4754,0.1969
5.0,5000,1.0,2.0,0.4805,0.1905
3.5,5250,1.0,2.0,0.4191,0.2417
4.0,5250,1.0,2.0,0.4274,0.2326
4.5,5250,1.0,2.0,0.4358,0.2236
5.0,5250,1.0,2.0,0.4422,0.2163
3.5,5500,1.0,2.0,0.3756,0.2689
4.0,5500,1.0,2.0,0.385,0.2596
4.5,5500,1.0,2.0,0.3947,0.2507
5.0,5500,1.0,2.0,0.4019,0.2438
3.5,5750,1.0,2.0,0.3318,0.2954
4.0,5750,1.0,2.0,0.3436,0.2848
4.5,5750,1.0,2.0,0.3545,0.2748
5.0,5750,1.0,2.0,0.3604,0.2703
3.5,6000,1.0,2.0,0.2887,0.321
4.0,6000,1.0,2.0,0.3022,0.3092
4.5,6000,1.0,2.0,0.3136,0.2992
5.0,6000,1.0,2.0,0.3221,0.2925
3.5,6250,1.0,2.0,0.2459,0.3445
4.0,6250,1.0,2.0,0.261,0.3323
4.5,6250,1.0,2.0,0.275,0.3209
5.0,6250,1.0,2.0,0.2839,0.3139
3.5,6500,1.0,2.0,0.2083,0.3618
4.0,6500,1.0,2.0,0.2242,0.3507
4.5,6500,1.0,2.0,0.2379,0.3401
5.0,6500,1.0,2.0,0.249,0.3318
3.5,6750,1.0,2.0,0.1797,0.3703
4.0,6750,1.0,2.0,0.1917,0.3639
4.5,6750,1.0,2.0,0.2041,0.355
5.0,6750,1.0,2.0,0.2151,0.3476
3.5,7000,1.0,2.0,0.166,0.3664
4.0,7000,1.0,2.0,0.165,0.3704
4.5,7000,1.0,2.0,0.1744,0.3658
5.0,7000,1.0,2.0,0.1855,0.3592
3.5,7250,1.0,2.0,0.1771,0.3445
4.0,7250,1.0,2.0,0.1479,0.3705
4.5,7250,1.0,2.0,0.1507,0.3702
5.0,7250,1.0,2.0,0.1606,0.3649
3.5,7500,1.0,2.0,0.1921,0.3254
4.0,7500,1.0,2.0,0.1501,0.3564
4.5,7500,1.0,2.0,0.1342,0.3699
5.0,7500,1.0,2.0,0.1387,0.3682
3.5,7750,1.0,2.0,0.2009,0.3088
4.0,7750,1.0,2.0,0.1677,0.3344
4.5,7750,1.0,2.0,0.1308,0.3615
5.0,7750,1.0,2.0,0.1263,0.3656
3.5,8000,1.0,2.0,0.1951,0.3009
4.0,8000,1.0,2.0,0.1825,0.3136
4.5,8000,1.0,2.0,0.1445,0.3421
5.0,8000,1.0,2.0,0.1197,0.3609
3.5,8250,1.0,2.0,0.1832,0.2994
4.0,8250,1.0,2.0,0.1819,0.3013
4.5,8250,1.0,2.0,0.1624,0.3198
5.0,8250,1.0,2.0,0.1248,0.3487
3.5,8500,1.0,2.0,0.1719,0.2978
4.0,8500,1.0,2.0,0.1684,0.3008
4.5,8500,1.0,2.0,0.167,0.3032
5.0,8500,1.0,2.0,0.1409,0.3279
3.5,8750,1.0,2.0,0.1657,0.2919
4.0,8750,1.0,2.0,0.1602,0.296
4.5,8750,1.0,2.0,0.1571,0.2994
5.0,8750,1.0,2.0,0.1523,0.3061
3.5,9000,1.0,2.0,0.1626,0.2845
4.0,9000,1.0,2.0,0.1556,0.2885
4.5,9000,1.0,2.0,0.151,0.2924
5.0,9000,1.0,2.0,0.1494,0.2948
3.5,9250,1.0,2.0,0.1609,0.2775
4.0,9250,1.0,2.0,0.1534,0.2797
4.5,9250,1.0,2.0,0.1465,0.2844
5.0,9250,1.0,2.0,0.1423,0.2887
3.5,9500,1.0,2.0,0.1602,0.2718
4.0,9500,1.0,2.0,0.1529,0.2715
4.5,9500,1.0,2.0,0.1446,0.2753
5.0,9500,1.0,2.0,0.1382,0.2804
3.5,9750,1.0,2.0,0.1576,0.2703
4.0,9750,1.0,2.0,0.1521,0.2663
4.5,9750,1.0,2.0,0.1449,0.2668
5.0,9750,1.0,2.0,0.1365,0.2715
3.5,10000,1.0,2.0,0.1544,0.2704
4.0,10000,1.0,2.0,0.1507,0.2636
4.5,10000,1.0,2.0,0.1443,0.2617
5.0,10000,1.0,2.0,0.1363,0.2637
