logg,Teff,Z,xi,a,b,Filt,Met,Mod
 3.50,  4000,-5.0, 2.0, 0.0223, 0.4928,Kp,L,A
 3.50,  4250,-5.0, 2.0, 0.0991, 0.4197,Kp,L,A
 4.00,  4250,-5.0, 2.0, 0.0334, 0.4411,Kp,L,A
 3.50,  4500,-5.0, 2.0, 0.1724, 0.3992,Kp,L,A
 4.00,  4500,-5.0, 2.0, 0.0833, 0.4387,Kp,L,A
 3.50,  4750,-5.0, 2.0, 0.2535, 0.3566,Kp,L,A
 4.00,  4750,-5.0, 2.0, 0.1721, 0.4054,Kp,L,A
 4.50,  4750,-5.0, 2.0, 0.0979, 0.4334,Kp,L,A
 3.50,  5000,-5.0, 2.0, 0.2744, 0.3458,Kp,L,A
 4.00,  5000,-5.0, 2.0, 0.2433, 0.3643,Kp,L,A
 4.50,  5000,-5.0, 2.0, 0.1865, 0.3962,Kp,L,A
 5.00,  5000,-5.0, 2.0, 0.1411, 0.4079,Kp,L,A
 3.50,  5250,-5.0, 2.0, 0.2822, 0.3365,Kp,L,A
 4.00,  5250,-5.0, 2.0, 0.2668, 0.3480,Kp,L,A
 4.50,  5250,-5.0, 2.0, 0.2279, 0.3712,Kp,L,A
 5.00,  5250,-5.0, 2.0, 0.1686, 0.4030,Kp,L,A
 3.50,  5500,-5.0, 2.0, 0.2945, 0.3227,Kp,L,A
 4.00,  5500,-5.0, 2.0, 0.2719, 0.3390,Kp,L,A
 4.50,  5500,-5.0, 2.0, 0.2451, 0.3552,Kp,L,A
 5.00,  5500,-5.0, 2.0, 0.2087, 0.3777,Kp,L,A
 3.50,  5750,-5.0, 2.0, 0.2998, 0.3118,Kp,L,A
 4.00,  5750,-5.0, 2.0, 0.2827, 0.3255,Kp,L,A
 4.50,  5750,-5.0, 2.0, 0.2598, 0.3411,Kp,L,A
 5.00,  5750,-5.0, 2.0, 0.2307, 0.3599,Kp,L,A
 3.50,  6000,-5.0, 2.0, 0.3020, 0.3031,Kp,L,A
 4.00,  6000,-5.0, 2.0, 0.2910, 0.3127,Kp,L,A
 4.50,  6000,-5.0, 2.0, 0.2736, 0.3249,Kp,L,A
 5.00,  6000,-5.0, 2.0, 0.2484, 0.3425,Kp,L,A
 3.50,  6250,-5.0, 2.0, 0.3028, 0.2957,Kp,L,A
 4.00,  6250,-5.0, 2.0, 0.2910, 0.3056,Kp,L,A
 4.50,  6250,-5.0, 2.0, 0.2745, 0.3178,Kp,L,A
 5.00,  6250,-5.0, 2.0, 0.2608, 0.3272,Kp,L,A
 3.50,  6500,-5.0, 2.0, 0.2978, 0.2927,Kp,L,A
 4.00,  6500,-5.0, 2.0, 0.2900, 0.2994,Kp,L,A
 4.50,  6500,-5.0, 2.0, 0.2801, 0.3069,Kp,L,A
 5.00,  6500,-5.0, 2.0, 0.2639, 0.3185,Kp,L,A
 3.50,  6750,-5.0, 2.0, 0.2874, 0.2948,Kp,L,A
 4.00,  6750,-5.0, 2.0, 0.2837, 0.2978,Kp,L,A
 4.50,  6750,-5.0, 2.0, 0.2779, 0.3022,Kp,L,A
 5.00,  6750,-5.0, 2.0, 0.2668, 0.3103,Kp,L,A
 3.50,  7000,-5.0, 2.0, 0.2734, 0.3005,Kp,L,A
 4.00,  7000,-5.0, 2.0, 0.2736, 0.3001,Kp,L,A
 4.50,  7000,-5.0, 2.0, 0.2718, 0.3012,Kp,L,A
 5.00,  7000,-5.0, 2.0, 0.2637, 0.3069,Kp,L,A
 3.50,  7250,-5.0, 2.0, 0.2632, 0.3025,Kp,L,A
 4.00,  7250,-5.0, 2.0, 0.2595, 0.3057,Kp,L,A
 4.50,  7250,-5.0, 2.0, 0.2613, 0.3041,Kp,L,A
 5.00,  7250,-5.0, 2.0, 0.2576, 0.3062,Kp,L,A
 3.50,  7500,-5.0, 2.0, 0.3895, 0.1987,Kp,L,A
 4.00,  7500,-5.0, 2.0, 0.2523, 0.3084,Kp,L,A
 4.50,  7500,-5.0, 2.0, 0.2491, 0.3091,Kp,L,A
 5.00,  7500,-5.0, 2.0, 0.2473, 0.3094,Kp,L,A
 3.50,  7750,-5.0, 2.0, 0.3607, 0.2208,Kp,L,A
 4.00,  7750,-5.0, 2.0, 0.3644, 0.2145,Kp,L,A
 4.50,  7750,-5.0, 2.0, 0.2347, 0.3162,Kp,L,A
 5.00,  7750,-5.0, 2.0, 0.2353, 0.3143,Kp,L,A
 3.50,  8000,-5.0, 2.0, 0.3353, 0.2352,Kp,L,A
 4.00,  8000,-5.0, 2.0, 0.3365, 0.2353,Kp,L,A
 4.50,  8000,-5.0, 2.0, 0.3398, 0.2298,Kp,L,A
 5.00,  8000,-5.0, 2.0, 0.2200, 0.3219,Kp,L,A
 3.50,  8250,-5.0, 2.0, 0.3111, 0.2459,Kp,L,A
 4.00,  8250,-5.0, 2.0, 0.3129, 0.2481,Kp,L,A
 4.50,  8250,-5.0, 2.0, 0.3144, 0.2478,Kp,L,A
 5.00,  8250,-5.0, 2.0, 0.2098, 0.3266,Kp,L,A
 3.50,  8500,-5.0, 2.0, 0.2830, 0.2618,Kp,L,A
 4.00,  8500,-5.0, 2.0, 0.2935, 0.2530,Kp,L,A
 4.50,  8500,-5.0, 2.0, 0.2918, 0.2601,Kp,L,A
 5.00,  8500,-5.0, 2.0, 0.2912, 0.2612,Kp,L,A
 3.50,  8750,-5.0, 2.0, 0.2581, 0.2739,Kp,L,A
 4.00,  8750,-5.0, 2.0, 0.2699, 0.2639,Kp,L,A
 4.50,  8750,-5.0, 2.0, 0.2740, 0.2635,Kp,L,A
 5.00,  8750,-5.0, 2.0, 0.2713, 0.2717,Kp,L,A
 3.50,  9000,-5.0, 2.0, 0.2390, 0.2804,Kp,L,A
 4.00,  9000,-5.0, 2.0, 0.2483, 0.2736,Kp,L,A
 4.50,  9000,-5.0, 2.0, 0.2610, 0.2630,Kp,L,A
 5.00,  9000,-5.0, 2.0, 0.2755, 0.2492,Kp,L,A
 3.50,  9250,-5.0, 2.0, 0.2244, 0.2835,Kp,L,A
 4.00,  9250,-5.0, 2.0, 0.2303, 0.2798,Kp,L,A
 4.50,  9250,-5.0, 2.0, 0.2400, 0.2729,Kp,L,A
 5.00,  9250,-5.0, 2.0, 0.2524, 0.2621,Kp,L,A
 3.50,  9500,-5.0, 2.0, 0.2133, 0.2846,Kp,L,A
 4.00,  9500,-5.0, 2.0, 0.2167, 0.2827,Kp,L,A
 4.50,  9500,-5.0, 2.0, 0.2233, 0.2788,Kp,L,A
 5.00,  9500,-5.0, 2.0, 0.2332, 0.2713,Kp,L,A
 3.50,  9750,-5.0, 2.0, 0.2040, 0.2854,Kp,L,A
 4.00,  9750,-5.0, 2.0, 0.2056, 0.2842,Kp,L,A
 4.50,  9750,-5.0, 2.0, 0.2099, 0.2822,Kp,L,A
 5.00,  9750,-5.0, 2.0, 0.2173, 0.2775,Kp,L,A
 3.50, 10000,-5.0, 2.0, 0.1971, 0.2848,Kp,L,A
 4.00, 10000,-5.0, 2.0, 0.1972, 0.2845,Kp,L,A
 4.50, 10000,-5.0, 2.0, 0.1996, 0.2836,Kp,L,A
 5.00, 10000,-5.0, 2.0, 0.2043, 0.2813,Kp,L,A
 3.50,  3750,-4.5, 2.0, 0.1655, 0.4407,Kp,L,A
 3.50,  4000,-4.5, 2.0, 0.0526, 0.4699,Kp,L,A
 4.00,  4000,-4.5, 2.0, 0.0256, 0.5159,Kp,L,A
 3.50,  4250,-4.5, 2.0, 0.1058, 0.4192,Kp,L,A
 4.00,  4250,-4.5, 2.0, 0.0462, 0.4433,Kp,L,A
 4.50,  4250,-4.5, 2.0, 0.0200, 0.4489,Kp,L,A
 3.50,  4500,-4.5, 2.0, 0.2062, 0.3682,Kp,L,A
 4.00,  4500,-4.5, 2.0, 0.1227, 0.4097,Kp,L,A
 4.50,  4500,-4.5, 2.0, 0.0632, 0.4291,Kp,L,A
 5.00,  4500,-4.5, 2.0, 0.0251, 0.4270,Kp,L,A
 3.50,  4750,-4.5, 2.0, 0.2447, 0.3631,Kp,L,A
 4.00,  4750,-4.5, 2.0, 0.1753, 0.4044,Kp,L,A
 4.50,  4750,-4.5, 2.0, 0.1353, 0.4074,Kp,L,A
 5.00,  4750,-4.5, 2.0, 0.0835, 0.4195,Kp,L,A
 3.50,  5000,-4.5, 2.0, 0.2684, 0.3487,Kp,L,A
 4.00,  5000,-4.5, 2.0, 0.2292, 0.3743,Kp,L,A
 4.50,  5000,-4.5, 2.0, 0.1790, 0.3995,Kp,L,A
 5.00,  5000,-4.5, 2.0, 0.1101, 0.4328,Kp,L,A
 3.50,  5250,-4.5, 2.0, 0.2853, 0.3334,Kp,L,A
 4.00,  5250,-4.5, 2.0, 0.2559, 0.3539,Kp,L,A
 4.50,  5250,-4.5, 2.0, 0.2180, 0.3781,Kp,L,A
 5.00,  5250,-4.5, 2.0, 0.1686, 0.4056,Kp,L,A
 3.50,  5500,-4.5, 2.0, 0.2969, 0.3200,Kp,L,A
 4.00,  5500,-4.5, 2.0, 0.2731, 0.3374,Kp,L,A
 4.50,  5500,-4.5, 2.0, 0.2436, 0.3574,Kp,L,A
 5.00,  5500,-4.5, 2.0, 0.2076, 0.3792,Kp,L,A
 3.50,  5750,-4.5, 2.0, 0.3011, 0.3105,Kp,L,A
 4.00,  5750,-4.5, 2.0, 0.2894, 0.3200,Kp,L,A
 4.50,  5750,-4.5, 2.0, 0.2611, 0.3401,Kp,L,A
 5.00,  5750,-4.5, 2.0, 0.2319, 0.3596,Kp,L,A
 3.50,  6000,-4.5, 2.0, 0.3006, 0.3044,Kp,L,A
 4.00,  6000,-4.5, 2.0, 0.2857, 0.3167,Kp,L,A
 4.50,  6000,-4.5, 2.0, 0.2738, 0.3248,Kp,L,A
 5.00,  6000,-4.5, 2.0, 0.2376, 0.3492,Kp,L,A
 3.50,  6250,-4.5, 2.0, 0.3031, 0.2952,Kp,L,A
 4.00,  6250,-4.5, 2.0, 0.2914, 0.3049,Kp,L,A
 4.50,  6250,-4.5, 2.0, 0.2750, 0.3170,Kp,L,A
 5.00,  6250,-4.5, 2.0, 0.2531, 0.3329,Kp,L,A
 3.50,  6500,-4.5, 2.0, 0.2979, 0.2925,Kp,L,A
 4.00,  6500,-4.5, 2.0, 0.2901, 0.2990,Kp,L,A
 4.50,  6500,-4.5, 2.0, 0.2803, 0.3064,Kp,L,A
 5.00,  6500,-4.5, 2.0, 0.2642, 0.3179,Kp,L,A
 3.50,  6750,-4.5, 2.0, 0.2876, 0.2945,Kp,L,A
 4.00,  6750,-4.5, 2.0, 0.2841, 0.2972,Kp,L,A
 4.50,  6750,-4.5, 2.0, 0.2785, 0.3014,Kp,L,A
 5.00,  6750,-4.5, 2.0, 0.2672, 0.3097,Kp,L,A
 3.50,  7000,-4.5, 2.0, 0.2736, 0.3002,Kp,L,A
 4.00,  7000,-4.5, 2.0, 0.2738, 0.2998,Kp,L,A
 4.50,  7000,-4.5, 2.0, 0.2720, 0.3008,Kp,L,A
 5.00,  7000,-4.5, 2.0, 0.2659, 0.3050,Kp,L,A
 3.50,  7250,-4.5, 2.0, 0.2628, 0.3023,Kp,L,A
 4.00,  7250,-4.5, 2.0, 0.2600, 0.3054,Kp,L,A
 4.50,  7250,-4.5, 2.0, 0.2616, 0.3037,Kp,L,A
 5.00,  7250,-4.5, 2.0, 0.2578, 0.3058,Kp,L,A
 3.50,  7500,-4.5, 2.0, 0.3888, 0.1994,Kp,L,A
 4.00,  7500,-4.5, 2.0, 0.2525, 0.3082,Kp,L,A
 4.50,  7500,-4.5, 2.0, 0.2483, 0.3093,Kp,L,A
 5.00,  7500,-4.5, 2.0, 0.2476, 0.3089,Kp,L,A
 3.50,  7750,-4.5, 2.0, 0.3605, 0.2210,Kp,L,A
 4.00,  7750,-4.5, 2.0, 0.3638, 0.2149,Kp,L,A
 4.50,  7750,-4.5, 2.0, 0.2350, 0.3158,Kp,L,A
 5.00,  7750,-4.5, 2.0, 0.2353, 0.3142,Kp,L,A
 3.50,  8000,-4.5, 2.0, 0.3355, 0.2350,Kp,L,A
 4.00,  8000,-4.5, 2.0, 0.3358, 0.2359,Kp,L,A
 4.50,  8000,-4.5, 2.0, 0.3398, 0.2296,Kp,L,A
 5.00,  8000,-4.5, 2.0, 0.2202, 0.3215,Kp,L,A
 3.50,  8250,-4.5, 2.0, 0.3107, 0.2462,Kp,L,A
 4.00,  8250,-4.5, 2.0, 0.3123, 0.2486,Kp,L,A
 4.50,  8250,-4.5, 2.0, 0.3141, 0.2479,Kp,L,A
 5.00,  8250,-4.5, 2.0, 0.2097, 0.3266,Kp,L,A
 3.50,  8500,-4.5, 2.0, 0.2823, 0.2624,Kp,L,A
 4.00,  8500,-4.5, 2.0, 0.2932, 0.2533,Kp,L,A
 4.50,  8500,-4.5, 2.0, 0.2917, 0.2601,Kp,L,A
 5.00,  8500,-4.5, 2.0, 0.2910, 0.2613,Kp,L,A
 3.50,  8750,-4.5, 2.0, 0.2577, 0.2741,Kp,L,A
 4.00,  8750,-4.5, 2.0, 0.2696, 0.2641,Kp,L,A
 4.50,  8750,-4.5, 2.0, 0.2741, 0.2633,Kp,L,A
 5.00,  8750,-4.5, 2.0, 0.2709, 0.2719,Kp,L,A
 3.50,  9000,-4.5, 2.0, 0.2387, 0.2805,Kp,L,A
 4.00,  9000,-4.5, 2.0, 0.2479, 0.2738,Kp,L,A
 4.50,  9000,-4.5, 2.0, 0.2611, 0.2627,Kp,L,A
 5.00,  9000,-4.5, 2.0, 0.2751, 0.2496,Kp,L,A
 3.50,  9250,-4.5, 2.0, 0.2242, 0.2836,Kp,L,A
 4.00,  9250,-4.5, 2.0, 0.2301, 0.2799,Kp,L,A
 4.50,  9250,-4.5, 2.0, 0.2400, 0.2727,Kp,L,A
 5.00,  9250,-4.5, 2.0, 0.2522, 0.2622,Kp,L,A
 3.50,  9500,-4.5, 2.0, 0.2131, 0.2847,Kp,L,A
 4.00,  9500,-4.5, 2.0, 0.2166, 0.2826,Kp,L,A
 4.50,  9500,-4.5, 2.0, 0.2231, 0.2789,Kp,L,A
 5.00,  9500,-4.5, 2.0, 0.2330, 0.2714,Kp,L,A
 3.50,  9750,-4.5, 2.0, 0.2042, 0.2851,Kp,L,A
 4.00,  9750,-4.5, 2.0, 0.2056, 0.2841,Kp,L,A
 4.50,  9750,-4.5, 2.0, 0.2100, 0.2819,Kp,L,A
 5.00,  9750,-4.5, 2.0, 0.2170, 0.2777,Kp,L,A
 3.50, 10000,-4.5, 2.0, 0.1970, 0.2848,Kp,L,A
 4.00, 10000,-4.5, 2.0, 0.1973, 0.2842,Kp,L,A
 4.50, 10000,-4.5, 2.0, 0.1995, 0.2836,Kp,L,A
 5.00, 10000,-4.5, 2.0, 0.2046, 0.2809,Kp,L,A
 3.50,  3750,-4.0, 2.0, 0.2025, 0.3770,Kp,L,A
 3.50,  4000,-4.0, 2.0, 0.1279, 0.4245,Kp,L,A
 4.00,  4000,-4.0, 2.0, 0.1246, 0.4252,Kp,L,A
 4.50,  4000,-4.0, 2.0, 0.8721,-0.0547,Kp,L,A
 3.50,  4250,-4.0, 2.0, 0.1166, 0.4195,Kp,L,A
 4.00,  4250,-4.0, 2.0, 0.0612, 0.4459,Kp,L,A
 3.50,  4500,-4.0, 2.0, 0.2117, 0.3663,Kp,L,A
 4.00,  4500,-4.0, 2.0, 0.1304, 0.4068,Kp,L,A
 4.50,  4500,-4.0, 2.0, 0.0644, 0.4378,Kp,L,A
 5.00,  4500,-4.0, 2.0, 0.0275, 0.4456,Kp,L,A
 3.50,  4750,-4.0, 2.0, 0.2548, 0.3561,Kp,L,A
 4.00,  4750,-4.0, 2.0, 0.2068, 0.3749,Kp,L,A
 4.50,  4750,-4.0, 2.0, 0.1438, 0.4010,Kp,L,A
 5.00,  4750,-4.0, 2.0, 0.0881, 0.4199,Kp,L,A
 3.50,  5000,-4.0, 2.0, 0.2722, 0.3452,Kp,L,A
 4.00,  5000,-4.0, 2.0, 0.2333, 0.3712,Kp,L,A
 4.50,  5000,-4.0, 2.0, 0.1819, 0.3993,Kp,L,A
 5.00,  5000,-4.0, 2.0, 0.1479, 0.4030,Kp,L,A
 3.50,  5250,-4.0, 2.0, 0.2851, 0.3330,Kp,L,A
 4.00,  5250,-4.0, 2.0, 0.2645, 0.3468,Kp,L,A
 4.50,  5250,-4.0, 2.0, 0.2273, 0.3695,Kp,L,A
 5.00,  5250,-4.0, 2.0, 0.1704, 0.4054,Kp,L,A
 3.50,  5500,-4.0, 2.0, 0.2971, 0.3197,Kp,L,A
 4.00,  5500,-4.0, 2.0, 0.2739, 0.3366,Kp,L,A
 4.50,  5500,-4.0, 2.0, 0.2446, 0.3559,Kp,L,A
 5.00,  5500,-4.0, 2.0, 0.2092, 0.3776,Kp,L,A
 3.50,  5750,-4.0, 2.0, 0.3011, 0.3098,Kp,L,A
 4.00,  5750,-4.0, 2.0, 0.2845, 0.3230,Kp,L,A
 4.50,  5750,-4.0, 2.0, 0.2618, 0.3388,Kp,L,A
 5.00,  5750,-4.0, 2.0, 0.2331, 0.3579,Kp,L,A
 3.50,  6000,-4.0, 2.0, 0.3052, 0.2994,Kp,L,A
 4.00,  6000,-4.0, 2.0, 0.2934, 0.3095,Kp,L,A
 4.50,  6000,-4.0, 2.0, 0.2754, 0.3227,Kp,L,A
 5.00,  6000,-4.0, 2.0, 0.2505, 0.3401,Kp,L,A
 3.50,  6250,-4.0, 2.0, 0.3057, 0.2917,Kp,L,A
 4.00,  6250,-4.0, 2.0, 0.2937, 0.3025,Kp,L,A
 4.50,  6250,-4.0, 2.0, 0.2833, 0.3101,Kp,L,A
 5.00,  6250,-4.0, 2.0, 0.2604, 0.3264,Kp,L,A
 3.50,  6500,-4.0, 2.0, 0.2993, 0.2901,Kp,L,A
 4.00,  6500,-4.0, 2.0, 0.2912, 0.2976,Kp,L,A
 4.50,  6500,-4.0, 2.0, 0.2834, 0.3037,Kp,L,A
 5.00,  6500,-4.0, 2.0, 0.2678, 0.3149,Kp,L,A
 3.50,  6750,-4.0, 2.0, 0.2880, 0.2933,Kp,L,A
 4.00,  6750,-4.0, 2.0, 0.2845, 0.2960,Kp,L,A
 4.50,  6750,-4.0, 2.0, 0.2802, 0.2999,Kp,L,A
 5.00,  6750,-4.0, 2.0, 0.2696, 0.3075,Kp,L,A
 3.50,  7000,-4.0, 2.0, 0.2740, 0.2996,Kp,L,A
 4.00,  7000,-4.0, 2.0, 0.2741, 0.2991,Kp,L,A
 4.50,  7000,-4.0, 2.0, 0.2739, 0.2990,Kp,L,A
 5.00,  7000,-4.0, 2.0, 0.2665, 0.3042,Kp,L,A
 3.50,  7250,-4.0, 2.0, 0.2633, 0.3020,Kp,L,A
 4.00,  7250,-4.0, 2.0, 0.2607, 0.3046,Kp,L,A
 4.50,  7250,-4.0, 2.0, 0.2634, 0.3021,Kp,L,A
 5.00,  7250,-4.0, 2.0, 0.2605, 0.3036,Kp,L,A
 3.50,  7500,-4.0, 2.0, 0.3893, 0.1988,Kp,L,A
 4.00,  7500,-4.0, 2.0, 0.2538, 0.3071,Kp,L,A
 4.50,  7500,-4.0, 2.0, 0.2496, 0.3083,Kp,L,A
 5.00,  7500,-4.0, 2.0, 0.2501, 0.3070,Kp,L,A
 3.50,  7750,-4.0, 2.0, 0.3605, 0.2209,Kp,L,A
 4.00,  7750,-4.0, 2.0, 0.3640, 0.2147,Kp,L,A
 4.50,  7750,-4.0, 2.0, 0.2362, 0.3148,Kp,L,A
 5.00,  7750,-4.0, 2.0, 0.2371, 0.3129,Kp,L,A
 3.50,  8000,-4.0, 2.0, 0.3350, 0.2353,Kp,L,A
 4.00,  8000,-4.0, 2.0, 0.3358, 0.2359,Kp,L,A
 4.50,  8000,-4.0, 2.0, 0.3397, 0.2296,Kp,L,A
 5.00,  8000,-4.0, 2.0, 0.2215, 0.3207,Kp,L,A
 3.50,  8250,-4.0, 2.0, 0.3108, 0.2461,Kp,L,A
 4.00,  8250,-4.0, 2.0, 0.3125, 0.2482,Kp,L,A
 4.50,  8250,-4.0, 2.0, 0.3139, 0.2480,Kp,L,A
 5.00,  8250,-4.0, 2.0, 0.2103, 0.3260,Kp,L,A
 3.50,  8500,-4.0, 2.0, 0.2824, 0.2622,Kp,L,A
 4.00,  8500,-4.0, 2.0, 0.2929, 0.2534,Kp,L,A
 4.50,  8500,-4.0, 2.0, 0.2917, 0.2599,Kp,L,A
 5.00,  8500,-4.0, 2.0, 0.2911, 0.2610,Kp,L,A
 3.50,  8750,-4.0, 2.0, 0.2577, 0.2742,Kp,L,A
 4.00,  8750,-4.0, 2.0, 0.2696, 0.2640,Kp,L,A
 4.50,  8750,-4.0, 2.0, 0.2741, 0.2630,Kp,L,A
 5.00,  8750,-4.0, 2.0, 0.2707, 0.2718,Kp,L,A
 3.50,  9000,-4.0, 2.0, 0.2388, 0.2804,Kp,L,A
 4.00,  9000,-4.0, 2.0, 0.2480, 0.2736,Kp,L,A
 4.50,  9000,-4.0, 2.0, 0.2607, 0.2630,Kp,L,A
 5.00,  9000,-4.0, 2.0, 0.2752, 0.2493,Kp,L,A
 3.50,  9250,-4.0, 2.0, 0.2242, 0.2835,Kp,L,A
 4.00,  9250,-4.0, 2.0, 0.2303, 0.2795,Kp,L,A
 4.50,  9250,-4.0, 2.0, 0.2396, 0.2731,Kp,L,A
 5.00,  9250,-4.0, 2.0, 0.2522, 0.2620,Kp,L,A
 3.50,  9500,-4.0, 2.0, 0.2131, 0.2847,Kp,L,A
 4.00,  9500,-4.0, 2.0, 0.2165, 0.2826,Kp,L,A
 4.50,  9500,-4.0, 2.0, 0.2232, 0.2786,Kp,L,A
 5.00,  9500,-4.0, 2.0, 0.2330, 0.2713,Kp,L,A
 3.50,  9750,-4.0, 2.0, 0.2041, 0.2850,Kp,L,A
 4.00,  9750,-4.0, 2.0, 0.2058, 0.2838,Kp,L,A
 4.50,  9750,-4.0, 2.0, 0.2102, 0.2816,Kp,L,A
 5.00,  9750,-4.0, 2.0, 0.2169, 0.2775,Kp,L,A
 3.50, 10000,-4.0, 2.0, 0.1969, 0.2847,Kp,L,A
 4.00, 10000,-4.0, 2.0, 0.1972, 0.2841,Kp,L,A
 4.50, 10000,-4.0, 2.0, 0.1996, 0.2832,Kp,L,A
 5.00, 10000,-4.0, 2.0, 0.2043, 0.2809,Kp,L,A
 3.50,  3500,-3.5, 2.0, 0.2305, 0.3988,Kp,L,A
 3.50,  3750,-3.5, 2.0, 0.1554, 0.4419,Kp,L,A
 4.00,  3750,-3.5, 2.0, 0.1489, 0.4641,Kp,L,A
 3.50,  4000,-3.5, 2.0, 0.1022, 0.4767,Kp,L,A
 4.00,  4000,-3.5, 2.0, 0.0830, 0.4953,Kp,L,A
 4.50,  4000,-3.5, 2.0, 0.1032, 0.4681,Kp,L,A
 3.50,  4250,-3.5, 2.0, 0.1118, 0.4693,Kp,L,A
 4.00,  4250,-3.5, 2.0, 0.0519, 0.5064,Kp,L,A
 4.50,  4250,-3.5, 2.0, 0.0243, 0.5324,Kp,L,A
 3.50,  4500,-3.5, 2.0, 0.2243, 0.3641,Kp,L,A
 4.00,  4500,-3.5, 2.0, 0.1442, 0.4062,Kp,L,A
 4.50,  4500,-3.5, 2.0, 0.0863, 0.4301,Kp,L,A
 5.00,  4500,-3.5, 2.0, 0.0411, 0.4602,Kp,L,A
 3.50,  4750,-3.5, 2.0, 0.2612, 0.3532,Kp,L,A
 4.00,  4750,-3.5, 2.0, 0.2151, 0.3710,Kp,L,A
 4.50,  4750,-3.5, 2.0, 0.1467, 0.4045,Kp,L,A
 5.00,  4750,-3.5, 2.0, 0.0640, 0.4600,Kp,L,A
 3.50,  5000,-3.5, 2.0, 0.2764, 0.3404,Kp,L,A
 4.00,  5000,-3.5, 2.0, 0.2371, 0.3672,Kp,L,A
 4.50,  5000,-3.5, 2.0, 0.1844, 0.3973,Kp,L,A
 5.00,  5000,-3.5, 2.0, 0.1261, 0.4307,Kp,L,A
 3.50,  5250,-3.5, 2.0, 0.2908, 0.3268,Kp,L,A
 4.00,  5250,-3.5, 2.0, 0.2629, 0.3472,Kp,L,A
 4.50,  5250,-3.5, 2.0, 0.2266, 0.3700,Kp,L,A
 5.00,  5250,-3.5, 2.0, 0.1780, 0.3991,Kp,L,A
 3.50,  5500,-3.5, 2.0, 0.3021, 0.3142,Kp,L,A
 4.00,  5500,-3.5, 2.0, 0.2789, 0.3311,Kp,L,A
 4.50,  5500,-3.5, 2.0, 0.2508, 0.3494,Kp,L,A
 5.00,  5500,-3.5, 2.0, 0.2185, 0.3676,Kp,L,A
 3.50,  5750,-3.5, 2.0, 0.3086, 0.3024,Kp,L,A
 4.00,  5750,-3.5, 2.0, 0.2896, 0.3168,Kp,L,A
 4.50,  5750,-3.5, 2.0, 0.2660, 0.3343,Kp,L,A
 5.00,  5750,-3.5, 2.0, 0.2367, 0.3537,Kp,L,A
 3.50,  6000,-3.5, 2.0, 0.3103, 0.2939,Kp,L,A
 4.00,  6000,-3.5, 2.0, 0.2973, 0.3045,Kp,L,A
 4.50,  6000,-3.5, 2.0, 0.2803, 0.3171,Kp,L,A
 5.00,  6000,-3.5, 2.0, 0.2530, 0.3362,Kp,L,A
 3.50,  6250,-3.5, 2.0, 0.3069, 0.2900,Kp,L,A
 4.00,  6250,-3.5, 2.0, 0.2961, 0.2989,Kp,L,A
 4.50,  6250,-3.5, 2.0, 0.2852, 0.3065,Kp,L,A
 5.00,  6250,-3.5, 2.0, 0.2651, 0.3209,Kp,L,A
 3.50,  6500,-3.5, 2.0, 0.3011, 0.2876,Kp,L,A
 4.00,  6500,-3.5, 2.0, 0.2943, 0.2931,Kp,L,A
 4.50,  6500,-3.5, 2.0, 0.2854, 0.3004,Kp,L,A
 5.00,  6500,-3.5, 2.0, 0.2695, 0.3120,Kp,L,A
 3.50,  6750,-3.5, 2.0, 0.2895, 0.2915,Kp,L,A
 4.00,  6750,-3.5, 2.0, 0.2871, 0.2932,Kp,L,A
 4.50,  6750,-3.5, 2.0, 0.2817, 0.2970,Kp,L,A
 5.00,  6750,-3.5, 2.0, 0.2708, 0.3049,Kp,L,A
 3.50,  7000,-3.5, 2.0, 0.2754, 0.2975,Kp,L,A
 4.00,  7000,-3.5, 2.0, 0.2763, 0.2963,Kp,L,A
 4.50,  7000,-3.5, 2.0, 0.2748, 0.2969,Kp,L,A
 5.00,  7000,-3.5, 2.0, 0.2682, 0.3012,Kp,L,A
 3.50,  7250,-3.5, 2.0, 0.2600, 0.3012,Kp,L,A
 4.00,  7250,-3.5, 2.0, 0.2624, 0.3022,Kp,L,A
 4.50,  7250,-3.5, 2.0, 0.2647, 0.2999,Kp,L,A
 5.00,  7250,-3.5, 2.0, 0.2623, 0.3007,Kp,L,A
 3.50,  7500,-3.5, 2.0, 0.2750, 0.2786,Kp,L,A
 4.00,  7500,-3.5, 2.0, 0.2486, 0.3087,Kp,L,A
 4.50,  7500,-3.5, 2.0, 0.2505, 0.3065,Kp,L,A
 5.00,  7500,-3.5, 2.0, 0.2516, 0.3045,Kp,L,A
 3.50,  7750,-3.5, 2.0, 0.3001, 0.2639,Kp,L,A
 4.00,  7750,-3.5, 2.0, 0.2400, 0.3070,Kp,L,A
 4.50,  7750,-3.5, 2.0, 0.2363, 0.3135,Kp,L,A
 5.00,  7750,-3.5, 2.0, 0.2380, 0.3109,Kp,L,A
 3.50,  8000,-3.5, 2.0, 0.3150, 0.2514,Kp,L,A
 4.00,  8000,-3.5, 2.0, 0.2616, 0.2907,Kp,L,A
 4.50,  8000,-3.5, 2.0, 0.2140, 0.3233,Kp,L,A
 5.00,  8000,-3.5, 2.0, 0.2226, 0.3188,Kp,L,A
 3.50,  8250,-3.5, 2.0, 0.3098, 0.2469,Kp,L,A
 4.00,  8250,-3.5, 2.0, 0.2834, 0.2704,Kp,L,A
 4.50,  8250,-3.5, 2.0, 0.2267, 0.3131,Kp,L,A
 5.00,  8250,-3.5, 2.0, 0.2024, 0.3277,Kp,L,A
 3.50,  8500,-3.5, 2.0, 0.2820, 0.2625,Kp,L,A
 4.00,  8500,-3.5, 2.0, 0.2901, 0.2558,Kp,L,A
 4.50,  8500,-3.5, 2.0, 0.2500, 0.2915,Kp,L,A
 5.00,  8500,-3.5, 2.0, 0.1997, 0.3269,Kp,L,A
 3.50,  8750,-3.5, 2.0, 0.2577, 0.2741,Kp,L,A
 4.00,  8750,-3.5, 2.0, 0.2692, 0.2643,Kp,L,A
 4.50,  8750,-3.5, 2.0, 0.2653, 0.2704,Kp,L,A
 5.00,  8750,-3.5, 2.0, 0.2173, 0.3115,Kp,L,A
 3.50,  9000,-3.5, 2.0, 0.2387, 0.2804,Kp,L,A
 4.00,  9000,-3.5, 2.0, 0.2477, 0.2738,Kp,L,A
 4.50,  9000,-3.5, 2.0, 0.2604, 0.2631,Kp,L,A
 5.00,  9000,-3.5, 2.0, 0.2748, 0.2494,Kp,L,A
 3.50,  9250,-3.5, 2.0, 0.2244, 0.2833,Kp,L,A
 4.00,  9250,-3.5, 2.0, 0.2302, 0.2795,Kp,L,A
 4.50,  9250,-3.5, 2.0, 0.2393, 0.2731,Kp,L,A
 5.00,  9250,-3.5, 2.0, 0.2520, 0.2620,Kp,L,A
 3.50,  9500,-3.5, 2.0, 0.2129, 0.2848,Kp,L,A
 4.00,  9500,-3.5, 2.0, 0.2166, 0.2824,Kp,L,A
 4.50,  9500,-3.5, 2.0, 0.2229, 0.2787,Kp,L,A
 5.00,  9500,-3.5, 2.0, 0.2329, 0.2711,Kp,L,A
 3.50,  9750,-3.5, 2.0, 0.2041, 0.2850,Kp,L,A
 4.00,  9750,-3.5, 2.0, 0.2058, 0.2837,Kp,L,A
 4.50,  9750,-3.5, 2.0, 0.2097, 0.2818,Kp,L,A
 5.00,  9750,-3.5, 2.0, 0.2167, 0.2776,Kp,L,A
 3.50, 10000,-3.5, 2.0, 0.1970, 0.2846,Kp,L,A
 4.00, 10000,-3.5, 2.0, 0.1972, 0.2840,Kp,L,A
 4.50, 10000,-3.5, 2.0, 0.1995, 0.2832,Kp,L,A
 5.00, 10000,-3.5, 2.0, 0.2041, 0.2809,Kp,L,A
 3.50,  3500,-3.0, 2.0, 0.1886, 0.4400,Kp,L,A
 4.00,  3500,-3.0, 2.0, 0.2057, 0.4391,Kp,L,A
 3.50,  3750,-3.0, 2.0, 0.1487, 0.4591,Kp,L,A
 4.00,  3750,-3.0, 2.0, 0.1336, 0.4789,Kp,L,A
 4.50,  3750,-3.0, 2.0, 0.5008, 0.1247,Kp,L,A
 5.00,  3750,-3.0, 2.0, 0.1789, 0.4919,Kp,L,A
 3.50,  4000,-3.0, 2.0, 0.1639, 0.4398,Kp,L,A
 4.00,  4000,-3.0, 2.0, 0.1261, 0.4622,Kp,L,A
 4.50,  4000,-3.0, 2.0, 0.1146, 0.4684,Kp,L,A
 5.00,  4000,-3.0, 2.0, 0.1161, 0.4731,Kp,L,A
 3.50,  4250,-3.0, 2.0, 0.1900, 0.4215,Kp,L,A
 4.00,  4250,-3.0, 2.0, 0.1167, 0.4703,Kp,L,A
 4.50,  4250,-3.0, 2.0, 0.0903, 0.4745,Kp,L,A
 5.00,  4250,-3.0, 2.0, 0.0837, 0.4782,Kp,L,A
 3.50,  4500,-3.0, 2.0, 0.2570, 0.3562,Kp,L,A
 4.00,  4500,-3.0, 2.0, 0.1731, 0.4129,Kp,L,A
 4.50,  4500,-3.0, 2.0, 0.1077, 0.4496,Kp,L,A
 5.00,  4500,-3.0, 2.0, 0.0721, 0.4654,Kp,L,A
 3.50,  4750,-3.0, 2.0, 0.2664, 0.3538,Kp,L,A
 4.00,  4750,-3.0, 2.0, 0.2244, 0.3823,Kp,L,A
 4.50,  4750,-3.0, 2.0, 0.1663, 0.4035,Kp,L,A
 5.00,  4750,-3.0, 2.0, 0.1115, 0.4231,Kp,L,A
 3.50,  5000,-3.0, 2.0, 0.2816, 0.3370,Kp,L,A
 4.00,  5000,-3.0, 2.0, 0.2453, 0.3629,Kp,L,A
 4.50,  5000,-3.0, 2.0, 0.1961, 0.3935,Kp,L,A
 5.00,  5000,-3.0, 2.0, 0.1402, 0.4261,Kp,L,A
 3.50,  5250,-3.0, 2.0, 0.2934, 0.3249,Kp,L,A
 4.00,  5250,-3.0, 2.0, 0.2666, 0.3431,Kp,L,A
 4.50,  5250,-3.0, 2.0, 0.2336, 0.3638,Kp,L,A
 5.00,  5250,-3.0, 2.0, 0.2043, 0.3817,Kp,L,A
 3.50,  5500,-3.0, 2.0, 0.3015, 0.3146,Kp,L,A
 4.00,  5500,-3.0, 2.0, 0.2798, 0.3301,Kp,L,A
 4.50,  5500,-3.0, 2.0, 0.2514, 0.3494,Kp,L,A
 5.00,  5500,-3.0, 2.0, 0.2175, 0.3706,Kp,L,A
 3.50,  5750,-3.0, 2.0, 0.3061, 0.3046,Kp,L,A
 4.00,  5750,-3.0, 2.0, 0.2887, 0.3180,Kp,L,A
 4.50,  5750,-3.0, 2.0, 0.2661, 0.3336,Kp,L,A
 5.00,  5750,-3.0, 2.0, 0.2372, 0.3532,Kp,L,A
 3.50,  6000,-3.0, 2.0, 0.3077, 0.2964,Kp,L,A
 4.00,  6000,-3.0, 2.0, 0.2939, 0.3078,Kp,L,A
 4.50,  6000,-3.0, 2.0, 0.2764, 0.3207,Kp,L,A
 5.00,  6000,-3.0, 2.0, 0.2520, 0.3372,Kp,L,A
 3.50,  6250,-3.0, 2.0, 0.3059, 0.2909,Kp,L,A
 4.00,  6250,-3.0, 2.0, 0.2953, 0.2998,Kp,L,A
 4.50,  6250,-3.0, 2.0, 0.2827, 0.3091,Kp,L,A
 5.00,  6250,-3.0, 2.0, 0.2623, 0.3235,Kp,L,A
 3.50,  6500,-3.0, 2.0, 0.2997, 0.2892,Kp,L,A
 4.00,  6500,-3.0, 2.0, 0.2926, 0.2950,Kp,L,A
 4.50,  6500,-3.0, 2.0, 0.2854, 0.3004,Kp,L,A
 5.00,  6500,-3.0, 2.0, 0.2700, 0.3112,Kp,L,A
 3.50,  6750,-3.0, 2.0, 0.2883, 0.2925,Kp,L,A
 4.00,  6750,-3.0, 2.0, 0.2859, 0.2941,Kp,L,A
 4.50,  6750,-3.0, 2.0, 0.2824, 0.2965,Kp,L,A
 5.00,  6750,-3.0, 2.0, 0.2715, 0.3042,Kp,L,A
 3.50,  7000,-3.0, 2.0, 0.2743, 0.2987,Kp,L,A
 4.00,  7000,-3.0, 2.0, 0.2751, 0.2973,Kp,L,A
 4.50,  7000,-3.0, 2.0, 0.2752, 0.2968,Kp,L,A
 5.00,  7000,-3.0, 2.0, 0.2684, 0.3010,Kp,L,A
 3.50,  7250,-3.0, 2.0, 0.2570, 0.3051,Kp,L,A
 4.00,  7250,-3.0, 2.0, 0.2605, 0.3040,Kp,L,A
 4.50,  7250,-3.0, 2.0, 0.2646, 0.3001,Kp,L,A
 5.00,  7250,-3.0, 2.0, 0.2622, 0.3008,Kp,L,A
 3.50,  7500,-3.0, 2.0, 0.2757, 0.2861,Kp,L,A
 4.00,  7500,-3.0, 2.0, 0.2481, 0.3098,Kp,L,A
 4.50,  7500,-3.0, 2.0, 0.2504, 0.3069,Kp,L,A
 5.00,  7500,-3.0, 2.0, 0.2517, 0.3046,Kp,L,A
 3.50,  7750,-3.0, 2.0, 0.3009, 0.2651,Kp,L,A
 4.00,  7750,-3.0, 2.0, 0.2385, 0.3101,Kp,L,A
 4.50,  7750,-3.0, 2.0, 0.2359, 0.3143,Kp,L,A
 5.00,  7750,-3.0, 2.0, 0.2369, 0.3120,Kp,L,A
 3.50,  8000,-3.0, 2.0, 0.3156, 0.2514,Kp,L,A
 4.00,  8000,-3.0, 2.0, 0.2641, 0.2888,Kp,L,A
 4.50,  8000,-3.0, 2.0, 0.2145, 0.3233,Kp,L,A
 5.00,  8000,-3.0, 2.0, 0.2208, 0.3204,Kp,L,A
 3.50,  8250,-3.0, 2.0, 0.3091, 0.2476,Kp,L,A
 4.00,  8250,-3.0, 2.0, 0.2849, 0.2701,Kp,L,A
 4.50,  8250,-3.0, 2.0, 0.2297, 0.3108,Kp,L,A
 5.00,  8250,-3.0, 2.0, 0.2008, 0.3296,Kp,L,A
 3.50,  8500,-3.0, 2.0, 0.2822, 0.2623,Kp,L,A
 4.00,  8500,-3.0, 2.0, 0.2901, 0.2558,Kp,L,A
 4.50,  8500,-3.0, 2.0, 0.2518, 0.2905,Kp,L,A
 5.00,  8500,-3.0, 2.0, 0.2027, 0.3260,Kp,L,A
 3.50,  8750,-3.0, 2.0, 0.2575, 0.2743,Kp,L,A
 4.00,  8750,-3.0, 2.0, 0.2692, 0.2641,Kp,L,A
 4.50,  8750,-3.0, 2.0, 0.2667, 0.2691,Kp,L,A
 5.00,  8750,-3.0, 2.0, 0.2174, 0.3107,Kp,L,A
 3.50,  9000,-3.0, 2.0, 0.2384, 0.2806,Kp,L,A
 4.00,  9000,-3.0, 2.0, 0.2479, 0.2734,Kp,L,A
 4.50,  9000,-3.0, 2.0, 0.2606, 0.2626,Kp,L,A
 5.00,  9000,-3.0, 2.0, 0.2745, 0.2494,Kp,L,A
 3.50,  9250,-3.0, 2.0, 0.2241, 0.2834,Kp,L,A
 4.00,  9250,-3.0, 2.0, 0.2300, 0.2795,Kp,L,A
 4.50,  9250,-3.0, 2.0, 0.2394, 0.2727,Kp,L,A
 5.00,  9250,-3.0, 2.0, 0.2518, 0.2618,Kp,L,A
 3.50,  9500,-3.0, 2.0, 0.2129, 0.2847,Kp,L,A
 4.00,  9500,-3.0, 2.0, 0.2161, 0.2825,Kp,L,A
 4.50,  9500,-3.0, 2.0, 0.2229, 0.2784,Kp,L,A
 5.00,  9500,-3.0, 2.0, 0.2326, 0.2710,Kp,L,A
 3.50,  9750,-3.0, 2.0, 0.2041, 0.2849,Kp,L,A
 4.00,  9750,-3.0, 2.0, 0.2053, 0.2839,Kp,L,A
 4.50,  9750,-3.0, 2.0, 0.2094, 0.2818,Kp,L,A
 5.00,  9750,-3.0, 2.0, 0.2168, 0.2772,Kp,L,A
 3.50, 10000,-3.0, 2.0, 0.1969, 0.2846,Kp,L,A
 4.00, 10000,-3.0, 2.0, 0.1971, 0.2839,Kp,L,A
 4.50, 10000,-3.0, 2.0, 0.1991, 0.2833,Kp,L,A
 5.00, 10000,-3.0, 2.0, 0.2042, 0.2805,Kp,L,A
 3.50,  3500,-2.5, 2.0, 0.1599, 0.4856,Kp,L,A
 4.00,  3500,-2.5, 2.0, 0.1723, 0.4837,Kp,L,A
 3.50,  3750,-2.5, 2.0, 0.1552, 0.4628,Kp,L,A
 4.00,  3750,-2.5, 2.0, 0.1293, 0.4840,Kp,L,A
 4.50,  3750,-2.5, 2.0, 0.1285, 0.4923,Kp,L,A
 3.50,  4000,-2.5, 2.0, 0.2469, 0.3836,Kp,L,A
 4.00,  4000,-2.5, 2.0, 0.1772, 0.4182,Kp,L,A
 4.50,  4000,-2.5, 2.0, 0.1379, 0.4390,Kp,L,A
 3.50,  4250,-2.5, 2.0, 0.3090, 0.3541,Kp,L,A
 4.00,  4250,-2.5, 2.0, 0.2130, 0.4165,Kp,L,A
 4.50,  4250,-2.5, 2.0, 0.1534, 0.4463,Kp,L,A
 5.00,  4250,-2.5, 2.0, 0.1268, 0.4539,Kp,L,A
 3.50,  4500,-2.5, 2.0, 0.3254, 0.3366,Kp,L,A
 4.00,  4500,-2.5, 2.0, 0.2501, 0.3864,Kp,L,A
 4.50,  4500,-2.5, 2.0, 0.1781, 0.4299,Kp,L,A
 5.00,  4500,-2.5, 2.0, 0.1321, 0.4434,Kp,L,A
 3.50,  4750,-2.5, 2.0, 0.3017, 0.3406,Kp,L,A
 4.00,  4750,-2.5, 2.0, 0.2670, 0.3714,Kp,L,A
 4.50,  4750,-2.5, 2.0, 0.2089, 0.3984,Kp,L,A
 5.00,  4750,-2.5, 2.0, 0.1506, 0.4314,Kp,L,A
 3.50,  5000,-2.5, 2.0, 0.2943, 0.3306,Kp,L,A
 4.00,  5000,-2.5, 2.0, 0.2673, 0.3496,Kp,L,A
 4.50,  5000,-2.5, 2.0, 0.2248, 0.3837,Kp,L,A
 5.00,  5000,-2.5, 2.0, 0.1696, 0.4199,Kp,L,A
 3.50,  5250,-2.5, 2.0, 0.3007, 0.3191,Kp,L,A
 4.00,  5250,-2.5, 2.0, 0.2754, 0.3376,Kp,L,A
 4.50,  5250,-2.5, 2.0, 0.2477, 0.3535,Kp,L,A
 5.00,  5250,-2.5, 2.0, 0.2027, 0.3862,Kp,L,A
 3.50,  5500,-2.5, 2.0, 0.3051, 0.3107,Kp,L,A
 4.00,  5500,-2.5, 2.0, 0.2881, 0.3214,Kp,L,A
 4.50,  5500,-2.5, 2.0, 0.2585, 0.3433,Kp,L,A
 5.00,  5500,-2.5, 2.0, 0.2296, 0.3592,Kp,L,A
 3.50,  5750,-2.5, 2.0, 0.3111, 0.2988,Kp,L,A
 4.00,  5750,-2.5, 2.0, 0.2962, 0.3106,Kp,L,A
 4.50,  5750,-2.5, 2.0, 0.2702, 0.3294,Kp,L,A
 5.00,  5750,-2.5, 2.0, 0.2429, 0.3471,Kp,L,A
 3.50,  6000,-2.5, 2.0, 0.3076, 0.2960,Kp,L,A
 4.00,  6000,-2.5, 2.0, 0.2951, 0.3060,Kp,L,A
 4.50,  6000,-2.5, 2.0, 0.2784, 0.3182,Kp,L,A
 5.00,  6000,-2.5, 2.0, 0.2577, 0.3303,Kp,L,A
 3.50,  6250,-2.5, 2.0, 0.3083, 0.2873,Kp,L,A
 4.00,  6250,-2.5, 2.0, 0.2980, 0.2955,Kp,L,A
 4.50,  6250,-2.5, 2.0, 0.2832, 0.3080,Kp,L,A
 5.00,  6250,-2.5, 2.0, 0.2640, 0.3213,Kp,L,A
 3.50,  6500,-2.5, 2.0, 0.3008, 0.2873,Kp,L,A
 4.00,  6500,-2.5, 2.0, 0.2945, 0.2918,Kp,L,A
 4.50,  6500,-2.5, 2.0, 0.2851, 0.3001,Kp,L,A
 5.00,  6500,-2.5, 2.0, 0.2705, 0.3102,Kp,L,A
 3.50,  6750,-2.5, 2.0, 0.2878, 0.2933,Kp,L,A
 4.00,  6750,-2.5, 2.0, 0.2849, 0.2948,Kp,L,A
 4.50,  6750,-2.5, 2.0, 0.2818, 0.2967,Kp,L,A
 5.00,  6750,-2.5, 2.0, 0.2714, 0.3035,Kp,L,A
 3.50,  7000,-2.5, 2.0, 0.2733, 0.3000,Kp,L,A
 4.00,  7000,-2.5, 2.0, 0.2736, 0.2985,Kp,L,A
 4.50,  7000,-2.5, 2.0, 0.2742, 0.2972,Kp,L,A
 5.00,  7000,-2.5, 2.0, 0.2683, 0.3005,Kp,L,A
 3.50,  7250,-2.5, 2.0, 0.2576, 0.3042,Kp,L,A
 4.00,  7250,-2.5, 2.0, 0.2608, 0.3037,Kp,L,A
 4.50,  7250,-2.5, 2.0, 0.2634, 0.3007,Kp,L,A
 5.00,  7250,-2.5, 2.0, 0.2617, 0.3006,Kp,L,A
 3.50,  7500,-2.5, 2.0, 0.2760, 0.2856,Kp,L,A
 4.00,  7500,-2.5, 2.0, 0.2475, 0.3099,Kp,L,A
 4.50,  7500,-2.5, 2.0, 0.2498, 0.3070,Kp,L,A
 5.00,  7500,-2.5, 2.0, 0.2513, 0.3042,Kp,L,A
 3.50,  7750,-2.5, 2.0, 0.3015, 0.2648,Kp,L,A
 4.00,  7750,-2.5, 2.0, 0.2407, 0.3089,Kp,L,A
 4.50,  7750,-2.5, 2.0, 0.2367, 0.3134,Kp,L,A
 5.00,  7750,-2.5, 2.0, 0.2377, 0.3109,Kp,L,A
 3.50,  8000,-2.5, 2.0, 0.3157, 0.2516,Kp,L,A
 4.00,  8000,-2.5, 2.0, 0.2648, 0.2886,Kp,L,A
 4.50,  8000,-2.5, 2.0, 0.2158, 0.3226,Kp,L,A
 5.00,  8000,-2.5, 2.0, 0.2220, 0.3191,Kp,L,A
 3.50,  8250,-2.5, 2.0, 0.3088, 0.2480,Kp,L,A
 4.00,  8250,-2.5, 2.0, 0.2847, 0.2704,Kp,L,A
 4.50,  8250,-2.5, 2.0, 0.2300, 0.3108,Kp,L,A
 5.00,  8250,-2.5, 2.0, 0.2010, 0.3291,Kp,L,A
 3.50,  8500,-2.5, 2.0, 0.2809, 0.2637,Kp,L,A
 4.00,  8500,-2.5, 2.0, 0.2892, 0.2565,Kp,L,A
 4.50,  8500,-2.5, 2.0, 0.2524, 0.2901,Kp,L,A
 5.00,  8500,-2.5, 2.0, 0.2025, 0.3258,Kp,L,A
 3.50,  8750,-2.5, 2.0, 0.2566, 0.2753,Kp,L,A
 4.00,  8750,-2.5, 2.0, 0.2680, 0.2653,Kp,L,A
 4.50,  8750,-2.5, 2.0, 0.2663, 0.2693,Kp,L,A
 5.00,  8750,-2.5, 2.0, 0.2173, 0.3107,Kp,L,A
 3.50,  9000,-2.5, 2.0, 0.2386, 0.2805,Kp,L,A
 4.00,  9000,-2.5, 2.0, 0.2469, 0.2743,Kp,L,A
 4.50,  9000,-2.5, 2.0, 0.2594, 0.2637,Kp,L,A
 5.00,  9000,-2.5, 2.0, 0.2731, 0.2504,Kp,L,A
 3.50,  9250,-2.5, 2.0, 0.2237, 0.2838,Kp,L,A
 4.00,  9250,-2.5, 2.0, 0.2294, 0.2800,Kp,L,A
 4.50,  9250,-2.5, 2.0, 0.2387, 0.2732,Kp,L,A
 5.00,  9250,-2.5, 2.0, 0.2509, 0.2625,Kp,L,A
 3.50,  9500,-2.5, 2.0, 0.2129, 0.2845,Kp,L,A
 4.00,  9500,-2.5, 2.0, 0.2163, 0.2821,Kp,L,A
 4.50,  9500,-2.5, 2.0, 0.2224, 0.2787,Kp,L,A
 5.00,  9500,-2.5, 2.0, 0.2319, 0.2714,Kp,L,A
 3.50,  9750,-2.5, 2.0, 0.2042, 0.2847,Kp,L,A
 4.00,  9750,-2.5, 2.0, 0.2054, 0.2835,Kp,L,A
 4.50,  9750,-2.5, 2.0, 0.2095, 0.2814,Kp,L,A
 5.00,  9750,-2.5, 2.0, 0.2164, 0.2772,Kp,L,A
 3.50, 10000,-2.5, 2.0, 0.1968, 0.2846,Kp,L,A
 4.00, 10000,-2.5, 2.0, 0.1973, 0.2834,Kp,L,A
 4.50, 10000,-2.5, 2.0, 0.1996, 0.2823,Kp,L,A
 5.00, 10000,-2.5, 2.0, 0.2039, 0.2804,Kp,L,A
 3.50,  3500,-2.0, 2.0, 0.1599, 0.4408,Kp,L,A
 4.00,  3500,-2.0, 2.0, 0.1765, 0.4166,Kp,L,A
 4.50,  3500,-2.0, 2.0, 0.1767, 0.4862,Kp,L,A
 5.00,  3500,-2.0, 2.0, 0.2114, 0.4513,Kp,L,A
 3.50,  3750,-2.0, 2.0, 0.2058, 0.3793,Kp,L,A
 4.00,  3750,-2.0, 2.0, 0.1627, 0.4160,Kp,L,A
 4.50,  3750,-2.0, 2.0, 0.1392, 0.4312,Kp,L,A
 5.00,  3750,-2.0, 2.0, 0.1493, 0.4080,Kp,L,A
 3.50,  4000,-2.0, 2.0, 0.3482, 0.3138,Kp,L,A
 4.00,  4000,-2.0, 2.0, 0.2256, 0.3942,Kp,L,A
 4.50,  4000,-2.0, 2.0, 0.1735, 0.3888,Kp,L,A
 5.00,  4000,-2.0, 2.0, 0.1341, 0.4535,Kp,L,A
 3.50,  4250,-2.0, 2.0, 0.4559, 0.2486,Kp,L,A
 4.00,  4250,-2.0, 2.0, 0.3403, 0.3275,Kp,L,A
 4.50,  4250,-2.0, 2.0, 0.2341, 0.3959,Kp,L,A
 5.00,  4250,-2.0, 2.0, 0.1684, 0.4312,Kp,L,A
 3.50,  4500,-2.0, 2.0, 0.4300, 0.2701,Kp,L,A
 4.00,  4500,-2.0, 2.0, 0.3800, 0.3040,Kp,L,A
 4.50,  4500,-2.0, 2.0, 0.2956, 0.3670,Kp,L,A
 5.00,  4500,-2.0, 2.0, 0.2211, 0.4003,Kp,L,A
 3.50,  4750,-2.0, 2.0, 0.3650, 0.3069,Kp,L,A
 4.00,  4750,-2.0, 2.0, 0.3423, 0.3301,Kp,L,A
 4.50,  4750,-2.0, 2.0, 0.2995, 0.3580,Kp,L,A
 5.00,  4750,-2.0, 2.0, 0.2415, 0.3948,Kp,L,A
 3.50,  5000,-2.0, 2.0, 0.3289, 0.3129,Kp,L,A
 4.00,  5000,-2.0, 2.0, 0.3079, 0.3329,Kp,L,A
 4.50,  5000,-2.0, 2.0, 0.2798, 0.3515,Kp,L,A
 5.00,  5000,-2.0, 2.0, 0.2413, 0.3740,Kp,L,A
 3.50,  5250,-2.0, 2.0, 0.3162, 0.3086,Kp,L,A
 4.00,  5250,-2.0, 2.0, 0.2969, 0.3246,Kp,L,A
 4.50,  5250,-2.0, 2.0, 0.2815, 0.3390,Kp,L,A
 5.00,  5250,-2.0, 2.0, 0.2410, 0.3642,Kp,L,A
 3.50,  5500,-2.0, 2.0, 0.3099, 0.3071,Kp,L,A
 4.00,  5500,-2.0, 2.0, 0.2929, 0.3201,Kp,L,A
 4.50,  5500,-2.0, 2.0, 0.2710, 0.3351,Kp,L,A
 5.00,  5500,-2.0, 2.0, 0.2436, 0.3530,Kp,L,A
 3.50,  5750,-2.0, 2.0, 0.3083, 0.3017,Kp,L,A
 4.00,  5750,-2.0, 2.0, 0.3005, 0.3066,Kp,L,A
 4.50,  5750,-2.0, 2.0, 0.2764, 0.3247,Kp,L,A
 5.00,  5750,-2.0, 2.0, 0.2520, 0.3405,Kp,L,A
 3.50,  6000,-2.0, 2.0, 0.3131, 0.2900,Kp,L,A
 4.00,  6000,-2.0, 2.0, 0.2968, 0.3041,Kp,L,A
 4.50,  6000,-2.0, 2.0, 0.2860, 0.3102,Kp,L,A
 5.00,  6000,-2.0, 2.0, 0.2594, 0.3297,Kp,L,A
 3.50,  6250,-2.0, 2.0, 0.3065, 0.2902,Kp,L,A
 4.00,  6250,-2.0, 2.0, 0.2960, 0.2982,Kp,L,A
 4.50,  6250,-2.0, 2.0, 0.2859, 0.3052,Kp,L,A
 5.00,  6250,-2.0, 2.0, 0.2671, 0.3178,Kp,L,A
 3.50,  6500,-2.0, 2.0, 0.3002, 0.2880,Kp,L,A
 4.00,  6500,-2.0, 2.0, 0.2946, 0.2915,Kp,L,A
 4.50,  6500,-2.0, 2.0, 0.2856, 0.2992,Kp,L,A
 5.00,  6500,-2.0, 2.0, 0.2714, 0.3089,Kp,L,A
 3.50,  6750,-2.0, 2.0, 0.2884, 0.2921,Kp,L,A
 4.00,  6750,-2.0, 2.0, 0.2870, 0.2920,Kp,L,A
 4.50,  6750,-2.0, 2.0, 0.2823, 0.2947,Kp,L,A
 5.00,  6750,-2.0, 2.0, 0.2714, 0.3031,Kp,L,A
 3.50,  7000,-2.0, 2.0, 0.2727, 0.3008,Kp,L,A
 4.00,  7000,-2.0, 2.0, 0.2733, 0.2988,Kp,L,A
 4.50,  7000,-2.0, 2.0, 0.2742, 0.2970,Kp,L,A
 5.00,  7000,-2.0, 2.0, 0.2683, 0.3001,Kp,L,A
 3.50,  7250,-2.0, 2.0, 0.2528, 0.3103,Kp,L,A
 4.00,  7250,-2.0, 2.0, 0.2549, 0.3098,Kp,L,A
 4.50,  7250,-2.0, 2.0, 0.2585, 0.3056,Kp,L,A
 5.00,  7250,-2.0, 2.0, 0.2578, 0.3044,Kp,L,A
 3.50,  7500,-2.0, 2.0, 0.2697, 0.2915,Kp,L,A
 4.00,  7500,-2.0, 2.0, 0.2414, 0.3154,Kp,L,A
 4.50,  7500,-2.0, 2.0, 0.2445, 0.3122,Kp,L,A
 5.00,  7500,-2.0, 2.0, 0.2462, 0.3092,Kp,L,A
 3.50,  7750,-2.0, 2.0, 0.2960, 0.2704,Kp,L,A
 4.00,  7750,-2.0, 2.0, 0.2349, 0.3144,Kp,L,A
 4.50,  7750,-2.0, 2.0, 0.2316, 0.3178,Kp,L,A
 5.00,  7750,-2.0, 2.0, 0.2335, 0.3142,Kp,L,A
 3.50,  8000,-2.0, 2.0, 0.3102, 0.2571,Kp,L,A
 4.00,  8000,-2.0, 2.0, 0.2588, 0.2937,Kp,L,A
 4.50,  8000,-2.0, 2.0, 0.2131, 0.3249,Kp,L,A
 5.00,  8000,-2.0, 2.0, 0.2179, 0.3225,Kp,L,A
 3.50,  8250,-2.0, 2.0, 0.3040, 0.2530,Kp,L,A
 4.00,  8250,-2.0, 2.0, 0.2805, 0.2742,Kp,L,A
 4.50,  8250,-2.0, 2.0, 0.2241, 0.3152,Kp,L,A
 5.00,  8250,-2.0, 2.0, 0.1978, 0.3308,Kp,L,A
 3.50,  8500,-2.0, 2.0, 0.2770, 0.2680,Kp,L,A
 4.00,  8500,-2.0, 2.0, 0.2849, 0.2607,Kp,L,A
 4.50,  8500,-2.0, 2.0, 0.2481, 0.2932,Kp,L,A
 5.00,  8500,-2.0, 2.0, 0.1990, 0.3293,Kp,L,A
 3.50,  8750,-2.0, 2.0, 0.2528, 0.2795,Kp,L,A
 4.00,  8750,-2.0, 2.0, 0.2639, 0.2695,Kp,L,A
 4.50,  8750,-2.0, 2.0, 0.2623, 0.2727,Kp,L,A
 5.00,  8750,-2.0, 2.0, 0.2154, 0.3130,Kp,L,A
 3.50,  9000,-2.0, 2.0, 0.2374, 0.2824,Kp,L,A
 4.00,  9000,-2.0, 2.0, 0.2465, 0.2751,Kp,L,A
 4.50,  9000,-2.0, 2.0, 0.2584, 0.2645,Kp,L,A
 5.00,  9000,-2.0, 2.0, 0.2720, 0.2513,Kp,L,A
 3.50,  9250,-2.0, 2.0, 0.2234, 0.2843,Kp,L,A
 4.00,  9250,-2.0, 2.0, 0.2286, 0.2810,Kp,L,A
 4.50,  9250,-2.0, 2.0, 0.2381, 0.2738,Kp,L,A
 5.00,  9250,-2.0, 2.0, 0.2504, 0.2627,Kp,L,A
 3.50,  9500,-2.0, 2.0, 0.2125, 0.2848,Kp,L,A
 4.00,  9500,-2.0, 2.0, 0.2152, 0.2831,Kp,L,A
 4.50,  9500,-2.0, 2.0, 0.2218, 0.2791,Kp,L,A
 5.00,  9500,-2.0, 2.0, 0.2312, 0.2720,Kp,L,A
 3.50,  9750,-2.0, 2.0, 0.2044, 0.2844,Kp,L,A
 4.00,  9750,-2.0, 2.0, 0.2048, 0.2837,Kp,L,A
 4.50,  9750,-2.0, 2.0, 0.2086, 0.2820,Kp,L,A
 5.00,  9750,-2.0, 2.0, 0.2154, 0.2779,Kp,L,A
 3.50, 10000,-2.0, 2.0, 0.1972, 0.2840,Kp,L,A
 4.00, 10000,-2.0, 2.0, 0.1971, 0.2831,Kp,L,A
 4.50, 10000,-2.0, 2.0, 0.1988, 0.2826,Kp,L,A
 5.00, 10000,-2.0, 2.0, 0.2032, 0.2806,Kp,L,A
 3.50,  3500,-1.5, 2.0, 0.1655, 0.4969,Kp,L,A
 4.00,  3500,-1.5, 2.0, 0.1584, 0.4967,Kp,L,A
 4.50,  3500,-1.5, 2.0, 0.1707, 0.4916,Kp,L,A
 5.00,  3500,-1.5, 2.0, 0.1955, 0.4719,Kp,L,A
 3.50,  3750,-1.5, 2.0, 0.2365, 0.4137,Kp,L,A
 4.00,  3750,-1.5, 2.0, 0.1704, 0.4486,Kp,L,A
 4.50,  3750,-1.5, 2.0, 0.1352, 0.5077,Kp,L,A
 5.00,  3750,-1.5, 2.0, 0.1378, 0.5064,Kp,L,A
 3.50,  4000,-1.5, 2.0, 0.4750, 0.2217,Kp,L,A
 4.00,  4000,-1.5, 2.0, 0.2980, 0.3501,Kp,L,A
 4.50,  4000,-1.5, 2.0, 0.1930, 0.4250,Kp,L,A
 5.00,  4000,-1.5, 2.0, 0.1488, 0.4530,Kp,L,A
 3.50,  4250,-1.5, 2.0, 0.5949, 0.1375,Kp,L,A
 4.00,  4250,-1.5, 2.0, 0.4841, 0.2185,Kp,L,A
 4.50,  4250,-1.5, 2.0, 0.3348, 0.3262,Kp,L,A
 5.00,  4250,-1.5, 2.0, 0.2206, 0.4016,Kp,L,A
 3.50,  4500,-1.5, 2.0, 0.5327, 0.1876,Kp,L,A
 4.00,  4500,-1.5, 2.0, 0.5098, 0.2075,Kp,L,A
 4.50,  4500,-1.5, 2.0, 0.4399, 0.2594,Kp,L,A
 5.00,  4500,-1.5, 2.0, 0.3337, 0.3253,Kp,L,A
 3.50,  4750,-1.5, 2.0, 0.4554, 0.2413,Kp,L,A
 4.00,  4750,-1.5, 2.0, 0.4439, 0.2540,Kp,L,A
 4.50,  4750,-1.5, 2.0, 0.4228, 0.2745,Kp,L,A
 5.00,  4750,-1.5, 2.0, 0.3721, 0.3071,Kp,L,A
 3.50,  5000,-1.5, 2.0, 0.3840, 0.2829,Kp,L,A
 4.00,  5000,-1.5, 2.0, 0.3845, 0.2867,Kp,L,A
 4.50,  5000,-1.5, 2.0, 0.3622, 0.3077,Kp,L,A
 5.00,  5000,-1.5, 2.0, 0.3410, 0.3279,Kp,L,A
 3.50,  5250,-1.5, 2.0, 0.3442, 0.2964,Kp,L,A
 4.00,  5250,-1.5, 2.0, 0.3360, 0.3059,Kp,L,A
 4.50,  5250,-1.5, 2.0, 0.3282, 0.3158,Kp,L,A
 5.00,  5250,-1.5, 2.0, 0.3000, 0.3393,Kp,L,A
 3.50,  5500,-1.5, 2.0, 0.3233, 0.2997,Kp,L,A
 4.00,  5500,-1.5, 2.0, 0.3130, 0.3086,Kp,L,A
 4.50,  5500,-1.5, 2.0, 0.2982, 0.3209,Kp,L,A
 5.00,  5500,-1.5, 2.0, 0.2888, 0.3296,Kp,L,A
 3.50,  5750,-1.5, 2.0, 0.3156, 0.2968,Kp,L,A
 4.00,  5750,-1.5, 2.0, 0.3044, 0.3058,Kp,L,A
 4.50,  5750,-1.5, 2.0, 0.2892, 0.3169,Kp,L,A
 5.00,  5750,-1.5, 2.0, 0.2698, 0.3310,Kp,L,A
 3.50,  6000,-1.5, 2.0, 0.3147, 0.2892,Kp,L,A
 4.00,  6000,-1.5, 2.0, 0.3000, 0.3021,Kp,L,A
 4.50,  6000,-1.5, 2.0, 0.2872, 0.3108,Kp,L,A
 5.00,  6000,-1.5, 2.0, 0.2690, 0.3229,Kp,L,A
 3.50,  6250,-1.5, 2.0, 0.3065, 0.2910,Kp,L,A
 4.00,  6250,-1.5, 2.0, 0.2961, 0.2982,Kp,L,A
 4.50,  6250,-1.5, 2.0, 0.2885, 0.3034,Kp,L,A
 5.00,  6250,-1.5, 2.0, 0.2713, 0.3149,Kp,L,A
 3.50,  6500,-1.5, 2.0, 0.2966, 0.2932,Kp,L,A
 4.00,  6500,-1.5, 2.0, 0.2910, 0.2965,Kp,L,A
 4.50,  6500,-1.5, 2.0, 0.2852, 0.3000,Kp,L,A
 5.00,  6500,-1.5, 2.0, 0.2727, 0.3080,Kp,L,A
 3.50,  6750,-1.5, 2.0, 0.2833, 0.2987,Kp,L,A
 4.00,  6750,-1.5, 2.0, 0.2817, 0.2984,Kp,L,A
 4.50,  6750,-1.5, 2.0, 0.2795, 0.2988,Kp,L,A
 5.00,  6750,-1.5, 2.0, 0.2733, 0.3007,Kp,L,A
 3.50,  7000,-1.5, 2.0, 0.2700, 0.3038,Kp,L,A
 4.00,  7000,-1.5, 2.0, 0.2722, 0.3003,Kp,L,A
 4.50,  7000,-1.5, 2.0, 0.2718, 0.2989,Kp,L,A
 5.00,  7000,-1.5, 2.0, 0.2675, 0.3002,Kp,L,A
 3.50,  7250,-1.5, 2.0, 0.2477, 0.3128,Kp,L,A
 4.00,  7250,-1.5, 2.0, 0.2534, 0.3114,Kp,L,A
 4.50,  7250,-1.5, 2.0, 0.2565, 0.3072,Kp,L,A
 5.00,  7250,-1.5, 2.0, 0.2562, 0.3053,Kp,L,A
 3.50,  7500,-1.5, 2.0, 0.2704, 0.2913,Kp,L,A
 4.00,  7500,-1.5, 2.0, 0.2389, 0.3150,Kp,L,A
 4.50,  7500,-1.5, 2.0, 0.2421, 0.3143,Kp,L,A
 5.00,  7500,-1.5, 2.0, 0.2445, 0.3103,Kp,L,A
 3.50,  7750,-1.5, 2.0, 0.2943, 0.2739,Kp,L,A
 4.00,  7750,-1.5, 2.0, 0.2332, 0.3145,Kp,L,A
 4.50,  7750,-1.5, 2.0, 0.2284, 0.3211,Kp,L,A
 5.00,  7750,-1.5, 2.0, 0.2304, 0.3174,Kp,L,A
 3.50,  8000,-1.5, 2.0, 0.3084, 0.2597,Kp,L,A
 4.00,  8000,-1.5, 2.0, 0.2586, 0.2949,Kp,L,A
 4.50,  8000,-1.5, 2.0, 0.2136, 0.3281,Kp,L,A
 5.00,  8000,-1.5, 2.0, 0.2152, 0.3253,Kp,L,A
 3.50,  8250,-1.5, 2.0, 0.3014, 0.2559,Kp,L,A
 4.00,  8250,-1.5, 2.0, 0.2792, 0.2762,Kp,L,A
 4.50,  8250,-1.5, 2.0, 0.2250, 0.3155,Kp,L,A
 5.00,  8250,-1.5, 2.0, 0.1987, 0.3325,Kp,L,A
 3.50,  8500,-1.5, 2.0, 0.2756, 0.2697,Kp,L,A
 4.00,  8500,-1.5, 2.0, 0.2834, 0.2622,Kp,L,A
 4.50,  8500,-1.5, 2.0, 0.2475, 0.2942,Kp,L,A
 5.00,  8500,-1.5, 2.0, 0.1969, 0.3307,Kp,L,A
 3.50,  8750,-1.5, 2.0, 0.2512, 0.2819,Kp,L,A
 4.00,  8750,-1.5, 2.0, 0.2618, 0.2718,Kp,L,A
 4.50,  8750,-1.5, 2.0, 0.2611, 0.2737,Kp,L,A
 5.00,  8750,-1.5, 2.0, 0.2148, 0.3137,Kp,L,A
 3.50,  9000,-1.5, 2.0, 0.2371, 0.2842,Kp,L,A
 4.00,  9000,-1.5, 2.0, 0.2448, 0.2773,Kp,L,A
 4.50,  9000,-1.5, 2.0, 0.2563, 0.2665,Kp,L,A
 5.00,  9000,-1.5, 2.0, 0.2688, 0.2541,Kp,L,A
 3.50,  9250,-1.5, 2.0, 0.2227, 0.2866,Kp,L,A
 4.00,  9250,-1.5, 2.0, 0.2277, 0.2830,Kp,L,A
 4.50,  9250,-1.5, 2.0, 0.2363, 0.2759,Kp,L,A
 5.00,  9250,-1.5, 2.0, 0.2476, 0.2652,Kp,L,A
 3.50,  9500,-1.5, 2.0, 0.2121, 0.2863,Kp,L,A
 4.00,  9500,-1.5, 2.0, 0.2145, 0.2848,Kp,L,A
 4.50,  9500,-1.5, 2.0, 0.2210, 0.2804,Kp,L,A
 5.00,  9500,-1.5, 2.0, 0.2297, 0.2732,Kp,L,A
 3.50,  9750,-1.5, 2.0, 0.2040, 0.2852,Kp,L,A
 4.00,  9750,-1.5, 2.0, 0.2046, 0.2842,Kp,L,A
 4.50,  9750,-1.5, 2.0, 0.2078, 0.2830,Kp,L,A
 5.00,  9750,-1.5, 2.0, 0.2143, 0.2789,Kp,L,A
 3.50, 10000,-1.5, 2.0, 0.1975, 0.2839,Kp,L,A
 4.00, 10000,-1.5, 2.0, 0.1965, 0.2835,Kp,L,A
 4.50, 10000,-1.5, 2.0, 0.1986, 0.2825,Kp,L,A
 5.00, 10000,-1.5, 2.0, 0.2026, 0.2810,Kp,L,A
 3.50,  3500,-1.0, 2.0, 0.2427, 0.4633,Kp,L,A
 4.00,  3500,-1.0, 2.0, 0.2049, 0.4886,Kp,L,A
 4.50,  3500,-1.0, 2.0, 0.1982, 0.4890,Kp,L,A
 5.00,  3500,-1.0, 2.0, 0.2103, 0.4822,Kp,L,A
 3.50,  3750,-1.0, 2.0, 0.3418, 0.3564,Kp,L,A
 4.00,  3750,-1.0, 2.0, 0.2170, 0.4513,Kp,L,A
 4.50,  3750,-1.0, 2.0, 0.1662, 0.4856,Kp,L,A
 5.00,  3750,-1.0, 2.0, 0.1527, 0.4952,Kp,L,A
 3.50,  4000,-1.0, 2.0, 0.6175, 0.1141,Kp,L,A
 4.00,  4000,-1.0, 2.0, 0.4021, 0.2879,Kp,L,A
 4.50,  4000,-1.0, 2.0, 0.2472, 0.4063,Kp,L,A
 5.00,  4000,-1.0, 2.0, 0.1744, 0.4515,Kp,L,A
 3.50,  4250,-1.0, 2.0, 0.6703, 0.0759,Kp,L,A
 4.00,  4250,-1.0, 2.0, 0.6078, 0.1225,Kp,L,A
 4.50,  4250,-1.0, 2.0, 0.4500, 0.2396,Kp,L,A
 5.00,  4250,-1.0, 2.0, 0.2903, 0.3600,Kp,L,A
 3.50,  4500,-1.0, 2.0, 0.5997, 0.1309,Kp,L,A
 4.00,  4500,-1.0, 2.0, 0.5896, 0.1405,Kp,L,A
 4.50,  4500,-1.0, 2.0, 0.5738, 0.1554,Kp,L,A
 5.00,  4500,-1.0, 2.0, 0.4502, 0.2419,Kp,L,A
 3.50,  4750,-1.0, 2.0, 0.5232, 0.1886,Kp,L,A
 4.00,  4750,-1.0, 2.0, 0.5244, 0.1883,Kp,L,A
 4.50,  4750,-1.0, 2.0, 0.5188, 0.1941,Kp,L,A
 5.00,  4750,-1.0, 2.0, 0.4960, 0.2141,Kp,L,A
 3.50,  5000,-1.0, 2.0, 0.4510, 0.2374,Kp,L,A
 4.00,  5000,-1.0, 2.0, 0.4528, 0.2379,Kp,L,A
 4.50,  5000,-1.0, 2.0, 0.4539, 0.2386,Kp,L,A
 5.00,  5000,-1.0, 2.0, 0.4442, 0.2478,Kp,L,A
 3.50,  5250,-1.0, 2.0, 0.3913, 0.2714,Kp,L,A
 4.00,  5250,-1.0, 2.0, 0.3921, 0.2734,Kp,L,A
 4.50,  5250,-1.0, 2.0, 0.3888, 0.2787,Kp,L,A
 5.00,  5250,-1.0, 2.0, 0.3867, 0.2827,Kp,L,A
 3.50,  5500,-1.0, 2.0, 0.3511, 0.2882,Kp,L,A
 4.00,  5500,-1.0, 2.0, 0.3443, 0.2957,Kp,L,A
 4.50,  5500,-1.0, 2.0, 0.3352, 0.3058,Kp,L,A
 5.00,  5500,-1.0, 2.0, 0.3277, 0.3140,Kp,L,A
 3.50,  5750,-1.0, 2.0, 0.3295, 0.2921,Kp,L,A
 4.00,  5750,-1.0, 2.0, 0.3218, 0.2993,Kp,L,A
 4.50,  5750,-1.0, 2.0, 0.3117, 0.3080,Kp,L,A
 5.00,  5750,-1.0, 2.0, 0.3060, 0.3157,Kp,L,A
 3.50,  6000,-1.0, 2.0, 0.3167, 0.2930,Kp,L,A
 4.00,  6000,-1.0, 2.0, 0.3078, 0.3001,Kp,L,A
 4.50,  6000,-1.0, 2.0, 0.2990, 0.3065,Kp,L,A
 5.00,  6000,-1.0, 2.0, 0.2848, 0.3171,Kp,L,A
 3.50,  6250,-1.0, 2.0, 0.3061, 0.2945,Kp,L,A
 4.00,  6250,-1.0, 2.0, 0.2989, 0.2993,Kp,L,A
 4.50,  6250,-1.0, 2.0, 0.2913, 0.3041,Kp,L,A
 5.00,  6250,-1.0, 2.0, 0.2793, 0.3126,Kp,L,A
 3.50,  6500,-1.0, 2.0, 0.2940, 0.2983,Kp,L,A
 4.00,  6500,-1.0, 2.0, 0.2903, 0.2998,Kp,L,A
 4.50,  6500,-1.0, 2.0, 0.2843, 0.3030,Kp,L,A
 5.00,  6500,-1.0, 2.0, 0.2733, 0.3100,Kp,L,A
 3.50,  6750,-1.0, 2.0, 0.2796, 0.3043,Kp,L,A
 4.00,  6750,-1.0, 2.0, 0.2789, 0.3033,Kp,L,A
 4.50,  6750,-1.0, 2.0, 0.2758, 0.3040,Kp,L,A
 5.00,  6750,-1.0, 2.0, 0.2697, 0.3067,Kp,L,A
 3.50,  7000,-1.0, 2.0, 0.2640, 0.3124,Kp,L,A
 4.00,  7000,-1.0, 2.0, 0.2654, 0.3091,Kp,L,A
 4.50,  7000,-1.0, 2.0, 0.2657, 0.3069,Kp,L,A
 5.00,  7000,-1.0, 2.0, 0.2631, 0.3067,Kp,L,A
 3.50,  7250,-1.0, 2.0, 0.2569, 0.3142,Kp,L,A
 4.00,  7250,-1.0, 2.0, 0.2502, 0.3164,Kp,L,A
 4.50,  7250,-1.0, 2.0, 0.2526, 0.3124,Kp,L,A
 5.00,  7250,-1.0, 2.0, 0.2533, 0.3096,Kp,L,A
 3.50,  7500,-1.0, 2.0, 0.3667, 0.2268,Kp,L,A
 4.00,  7500,-1.0, 2.0, 0.2393, 0.3215,Kp,L,A
 4.50,  7500,-1.0, 2.0, 0.2387, 0.3191,Kp,L,A
 5.00,  7500,-1.0, 2.0, 0.2405, 0.3151,Kp,L,A
 3.50,  7750,-1.0, 2.0, 0.3415, 0.2436,Kp,L,A
 4.00,  7750,-1.0, 2.0, 0.3423, 0.2399,Kp,L,A
 4.50,  7750,-1.0, 2.0, 0.2297, 0.3236,Kp,L,A
 5.00,  7750,-1.0, 2.0, 0.2280, 0.3210,Kp,L,A
 3.50,  8000,-1.0, 2.0, 0.3204, 0.2517,Kp,L,A
 4.00,  8000,-1.0, 2.0, 0.3176, 0.2560,Kp,L,A
 4.50,  8000,-1.0, 2.0, 0.3184, 0.2526,Kp,L,A
 5.00,  8000,-1.0, 2.0, 0.2133, 0.3282,Kp,L,A
 3.50,  8250,-1.0, 2.0, 0.2997, 0.2581,Kp,L,A
 4.00,  8250,-1.0, 2.0, 0.2993, 0.2607,Kp,L,A
 4.50,  8250,-1.0, 2.0, 0.2958, 0.2664,Kp,L,A
 5.00,  8250,-1.0, 2.0, 0.2947, 0.2648,Kp,L,A
 3.50,  8500,-1.0, 2.0, 0.2749, 0.2703,Kp,L,A
 4.00,  8500,-1.0, 2.0, 0.2831, 0.2621,Kp,L,A
 4.50,  8500,-1.0, 2.0, 0.2782, 0.2714,Kp,L,A
 5.00,  8500,-1.0, 2.0, 0.2761, 0.2748,Kp,L,A
 3.50,  8750,-1.0, 2.0, 0.2538, 0.2796,Kp,L,A
 4.00,  8750,-1.0, 2.0, 0.2623, 0.2708,Kp,L,A
 4.50,  8750,-1.0, 2.0, 0.2665, 0.2679,Kp,L,A
 5.00,  8750,-1.0, 2.0, 0.2592, 0.2808,Kp,L,A
 3.50,  9000,-1.0, 2.0, 0.2365, 0.2854,Kp,L,A
 4.00,  9000,-1.0, 2.0, 0.2438, 0.2782,Kp,L,A
 4.50,  9000,-1.0, 2.0, 0.2530, 0.2691,Kp,L,A
 5.00,  9000,-1.0, 2.0, 0.2639, 0.2583,Kp,L,A
 3.50,  9250,-1.0, 2.0, 0.2222, 0.2892,Kp,L,A
 4.00,  9250,-1.0, 2.0, 0.2265, 0.2848,Kp,L,A
 4.50,  9250,-1.0, 2.0, 0.2340, 0.2778,Kp,L,A
 5.00,  9250,-1.0, 2.0, 0.2439, 0.2680,Kp,L,A
 3.50,  9500,-1.0, 2.0, 0.2114, 0.2900,Kp,L,A
 4.00,  9500,-1.0, 2.0, 0.2137, 0.2873,Kp,L,A
 4.50,  9500,-1.0, 2.0, 0.2188, 0.2830,Kp,L,A
 5.00,  9500,-1.0, 2.0, 0.2268, 0.2756,Kp,L,A
 3.50,  9750,-1.0, 2.0, 0.2039, 0.2882,Kp,L,A
 4.00,  9750,-1.0, 2.0, 0.2033, 0.2878,Kp,L,A
 4.50,  9750,-1.0, 2.0, 0.2063, 0.2856,Kp,L,A
 5.00,  9750,-1.0, 2.0, 0.2124, 0.2808,Kp,L,A
 3.50, 10000,-1.0, 2.0, 0.1967, 0.2869,Kp,L,A
 4.00, 10000,-1.0, 2.0, 0.1958, 0.2862,Kp,L,A
 4.50, 10000,-1.0, 2.0, 0.1965, 0.2860,Kp,L,A
 5.00, 10000,-1.0, 2.0, 0.2001, 0.2840,Kp,L,A
 3.50,  3500,-0.5, 2.0, 0.4172, 0.3214,Kp,L,A
 4.00,  3500,-0.5, 2.0, 0.3195, 0.3989,Kp,L,A
 4.50,  3500,-0.5, 2.0, 0.2854, 0.4182,Kp,L,A
 5.00,  3500,-0.5, 2.0, 0.2646, 0.4341,Kp,L,A
 3.50,  3750,-0.5, 2.0, 0.5592, 0.1836,Kp,L,A
 4.00,  3750,-0.5, 2.0, 0.3512, 0.3591,Kp,L,A
 4.50,  3750,-0.5, 2.0, 0.2458, 0.4365,Kp,L,A
 5.00,  3750,-0.5, 2.0, 0.2027, 0.4640,Kp,L,A
 3.50,  4000,-0.5, 2.0, 0.7435, 0.0223,Kp,L,A
 4.00,  4000,-0.5, 2.0, 0.5631, 0.1685,Kp,L,A
 4.50,  4000,-0.5, 2.0, 0.3568, 0.3354,Kp,L,A
 5.00,  4000,-0.5, 2.0, 0.2365, 0.4175,Kp,L,A
 3.50,  4250,-0.5, 2.0, 0.7156, 0.0417,Kp,L,A
 4.00,  4250,-0.5, 2.0, 0.6970, 0.0555,Kp,L,A
 4.50,  4250,-0.5, 2.0, 0.5738, 0.1496,Kp,L,A
 5.00,  4250,-0.5, 2.0, 0.3907, 0.2949,Kp,L,A
 3.50,  4500,-0.5, 2.0, 0.6511, 0.0909,Kp,L,A
 4.00,  4500,-0.5, 2.0, 0.6512, 0.0893,Kp,L,A
 4.50,  4500,-0.5, 2.0, 0.6414, 0.0966,Kp,L,A
 5.00,  4500,-0.5, 2.0, 0.5611, 0.1584,Kp,L,A
 3.50,  4750,-0.5, 2.0, 0.5822, 0.1437,Kp,L,A
 4.00,  4750,-0.5, 2.0, 0.5865, 0.1390,Kp,L,A
 4.50,  4750,-0.5, 2.0, 0.5856, 0.1392,Kp,L,A
 5.00,  4750,-0.5, 2.0, 0.5778, 0.1454,Kp,L,A
 3.50,  5000,-0.5, 2.0, 0.5113, 0.1947,Kp,L,A
 4.00,  5000,-0.5, 2.0, 0.5164, 0.1907,Kp,L,A
 4.50,  5000,-0.5, 2.0, 0.5172, 0.1908,Kp,L,A
 5.00,  5000,-0.5, 2.0, 0.5173, 0.1909,Kp,L,A
 3.50,  5250,-0.5, 2.0, 0.4473, 0.2360,Kp,L,A
 4.00,  5250,-0.5, 2.0, 0.4526, 0.2327,Kp,L,A
 4.50,  5250,-0.5, 2.0, 0.4535, 0.2337,Kp,L,A
 5.00,  5250,-0.5, 2.0, 0.4520, 0.2366,Kp,L,A
 3.50,  5500,-0.5, 2.0, 0.3937, 0.2665,Kp,L,A
 4.00,  5500,-0.5, 2.0, 0.3975, 0.2650,Kp,L,A
 4.50,  5500,-0.5, 2.0, 0.3980, 0.2665,Kp,L,A
 5.00,  5500,-0.5, 2.0, 0.3957, 0.2706,Kp,L,A
 3.50,  5750,-0.5, 2.0, 0.3542, 0.2841,Kp,L,A
 4.00,  5750,-0.5, 2.0, 0.3559, 0.2847,Kp,L,A
 4.50,  5750,-0.5, 2.0, 0.3556, 0.2865,Kp,L,A
 5.00,  5750,-0.5, 2.0, 0.3532, 0.2906,Kp,L,A
 3.50,  6000,-0.5, 2.0, 0.3271, 0.2933,Kp,L,A
 4.00,  6000,-0.5, 2.0, 0.3268, 0.2946,Kp,L,A
 4.50,  6000,-0.5, 2.0, 0.3238, 0.2979,Kp,L,A
 5.00,  6000,-0.5, 2.0, 0.3189, 0.3035,Kp,L,A
 3.50,  6250,-0.5, 2.0, 0.3071, 0.3001,Kp,L,A
 4.00,  6250,-0.5, 2.0, 0.3069, 0.2998,Kp,L,A
 4.50,  6250,-0.5, 2.0, 0.3026, 0.3029,Kp,L,A
 5.00,  6250,-0.5, 2.0, 0.2969, 0.3078,Kp,L,A
 3.50,  6500,-0.5, 2.0, 0.2920, 0.3038,Kp,L,A
 4.00,  6500,-0.5, 2.0, 0.2923, 0.3025,Kp,L,A
 4.50,  6500,-0.5, 2.0, 0.2866, 0.3071,Kp,L,A
 5.00,  6500,-0.5, 2.0, 0.2820, 0.3097,Kp,L,A
 3.50,  6750,-0.5, 2.0, 0.2752, 0.3119,Kp,L,A
 4.00,  6750,-0.5, 2.0, 0.2774, 0.3088,Kp,L,A
 4.50,  6750,-0.5, 2.0, 0.2754, 0.3085,Kp,L,A
 5.00,  6750,-0.5, 2.0, 0.2716, 0.3097,Kp,L,A
 3.50,  7000,-0.5, 2.0, 0.2585, 0.3207,Kp,L,A
 4.00,  7000,-0.5, 2.0, 0.2614, 0.3165,Kp,L,A
 4.50,  7000,-0.5, 2.0, 0.2619, 0.3136,Kp,L,A
 5.00,  7000,-0.5, 2.0, 0.2611, 0.3122,Kp,L,A
 3.50,  7250,-0.5, 2.0, 0.2444, 0.3271,Kp,L,A
 4.00,  7250,-0.5, 2.0, 0.2412, 0.3287,Kp,L,A
 4.50,  7250,-0.5, 2.0, 0.2430, 0.3249,Kp,L,A
 5.00,  7250,-0.5, 2.0, 0.2450, 0.3213,Kp,L,A
 3.50,  7500,-0.5, 2.0, 0.2668, 0.3051,Kp,L,A
 4.00,  7500,-0.5, 2.0, 0.2264, 0.3349,Kp,L,A
 4.50,  7500,-0.5, 2.0, 0.2292, 0.3303,Kp,L,A
 5.00,  7500,-0.5, 2.0, 0.2305, 0.3277,Kp,L,A
 3.50,  7750,-0.5, 2.0, 0.2898, 0.2875,Kp,L,A
 4.00,  7750,-0.5, 2.0, 0.2336, 0.3235,Kp,L,A
 4.50,  7750,-0.5, 2.0, 0.2125, 0.3383,Kp,L,A
 5.00,  7750,-0.5, 2.0, 0.2171, 0.3341,Kp,L,A
 3.50,  8000,-0.5, 2.0, 0.3017, 0.2719,Kp,L,A
 4.00,  8000,-0.5, 2.0, 0.2586, 0.3036,Kp,L,A
 4.50,  8000,-0.5, 2.0, 0.2092, 0.3377,Kp,L,A
 5.00,  8000,-0.5, 2.0, 0.2034, 0.3400,Kp,L,A
 3.50,  8250,-0.5, 2.0, 0.2866, 0.2727,Kp,L,A
 4.00,  8250,-0.5, 2.0, 0.2750, 0.2843,Kp,L,A
 4.50,  8250,-0.5, 2.0, 0.2248, 0.3231,Kp,L,A
 5.00,  8250,-0.5, 2.0, 0.1877, 0.3451,Kp,L,A
 3.50,  8500,-0.5, 2.0, 0.2642, 0.2809,Kp,L,A
 4.00,  8500,-0.5, 2.0, 0.2707, 0.2747,Kp,L,A
 4.50,  8500,-0.5, 2.0, 0.2471, 0.2982,Kp,L,A
 5.00,  8500,-0.5, 2.0, 0.1972, 0.3359,Kp,L,A
 3.50,  8750,-0.5, 2.0, 0.2454, 0.2871,Kp,L,A
 4.00,  8750,-0.5, 2.0, 0.2513, 0.2807,Kp,L,A
 4.50,  8750,-0.5, 2.0, 0.2543, 0.2788,Kp,L,A
 5.00,  8750,-0.5, 2.0, 0.2169, 0.3149,Kp,L,A
 3.50,  9000,-0.5, 2.0, 0.2342, 0.2878,Kp,L,A
 4.00,  9000,-0.5, 2.0, 0.2381, 0.2827,Kp,L,A
 4.50,  9000,-0.5, 2.0, 0.2452, 0.2755,Kp,L,A
 5.00,  9000,-0.5, 2.0, 0.2541, 0.2670,Kp,L,A
 3.50,  9250,-0.5, 2.0, 0.2224, 0.2901,Kp,L,A
 4.00,  9250,-0.5, 2.0, 0.2241, 0.2867,Kp,L,A
 4.50,  9250,-0.5, 2.0, 0.2288, 0.2814,Kp,L,A
 5.00,  9250,-0.5, 2.0, 0.2364, 0.2737,Kp,L,A
 3.50,  9500,-0.5, 2.0, 0.2120, 0.2916,Kp,L,A
 4.00,  9500,-0.5, 2.0, 0.2138, 0.2879,Kp,L,A
 4.50,  9500,-0.5, 2.0, 0.2166, 0.2843,Kp,L,A
 5.00,  9500,-0.5, 2.0, 0.2219, 0.2787,Kp,L,A
 3.50,  9750,-0.5, 2.0, 0.2042, 0.2915,Kp,L,A
 4.00,  9750,-0.5, 2.0, 0.2032, 0.2897,Kp,L,A
 4.50,  9750,-0.5, 2.0, 0.2048, 0.2873,Kp,L,A
 5.00,  9750,-0.5, 2.0, 0.2091, 0.2827,Kp,L,A
 3.50, 10000,-0.5, 2.0, 0.1968, 0.2915,Kp,L,A
 4.00, 10000,-0.5, 2.0, 0.1957, 0.2893,Kp,L,A
 4.50, 10000,-0.5, 2.0, 0.1956, 0.2882,Kp,L,A
 5.00, 10000,-0.5, 2.0, 0.1981, 0.2856,Kp,L,A
 3.50,  3500,-0.3, 2.0, 0.5287, 0.2308,Kp,L,A
 4.00,  3500,-0.3, 2.0, 0.3982, 0.3381,Kp,L,A
 4.50,  3500,-0.3, 2.0, 0.3311, 0.3892,Kp,L,A
 5.00,  3500,-0.3, 2.0, 0.3004, 0.4085,Kp,L,A
 3.50,  3750,-0.3, 2.0, 0.6805, 0.0820,Kp,L,A
 4.00,  3750,-0.3, 2.0, 0.4457, 0.2867,Kp,L,A
 4.50,  3750,-0.3, 2.0, 0.3042, 0.3981,Kp,L,A
 5.00,  3750,-0.3, 2.0, 0.2405, 0.4418,Kp,L,A
 3.50,  4000,-0.3, 2.0, 0.7754,-0.0007,Kp,L,A
 4.00,  4000,-0.3, 2.0, 0.6412, 0.1095,Kp,L,A
 4.50,  4000,-0.3, 2.0, 0.4242, 0.2887,Kp,L,A
 5.00,  4000,-0.3, 2.0, 0.2767, 0.4011,Kp,L,A
 3.50,  4250,-0.3, 2.0, 0.7227, 0.0392,Kp,L,A
 4.00,  4250,-0.3, 2.0, 0.7146, 0.0438,Kp,L,A
 4.50,  4250,-0.3, 2.0, 0.6215, 0.1171,Kp,L,A
 5.00,  4250,-0.3, 2.0, 0.4412, 0.2609,Kp,L,A
 3.50,  4500,-0.3, 2.0, 0.6625, 0.0830,Kp,L,A
 4.00,  4500,-0.3, 2.0, 0.6625, 0.0812,Kp,L,A
 4.50,  4500,-0.3, 2.0, 0.6584, 0.0833,Kp,L,A
 5.00,  4500,-0.3, 2.0, 0.5977, 0.1315,Kp,L,A
 3.50,  4750,-0.3, 2.0, 0.5968, 0.1332,Kp,L,A
 4.00,  4750,-0.3, 2.0, 0.6001, 0.1292,Kp,L,A
 4.50,  4750,-0.3, 2.0, 0.6019, 0.1263,Kp,L,A
 5.00,  4750,-0.3, 2.0, 0.5985, 0.1285,Kp,L,A
 3.50,  5000,-0.3, 2.0, 0.5302, 0.1818,Kp,L,A
 4.00,  5000,-0.3, 2.0, 0.5357, 0.1768,Kp,L,A
 4.50,  5000,-0.3, 2.0, 0.5396, 0.1731,Kp,L,A
 5.00,  5000,-0.3, 2.0, 0.5406, 0.1720,Kp,L,A
 3.50,  5250,-0.3, 2.0, 0.4664, 0.2249,Kp,L,A
 4.00,  5250,-0.3, 2.0, 0.4735, 0.2194,Kp,L,A
 4.50,  5250,-0.3, 2.0, 0.4767, 0.2175,Kp,L,A
 5.00,  5250,-0.3, 2.0, 0.4772, 0.2179,Kp,L,A
 3.50,  5500,-0.3, 2.0, 0.4099, 0.2591,Kp,L,A
 4.00,  5500,-0.3, 2.0, 0.4173, 0.2544,Kp,L,A
 4.50,  5500,-0.3, 2.0, 0.4210, 0.2521,Kp,L,A
 5.00,  5500,-0.3, 2.0, 0.4188, 0.2558,Kp,L,A
 3.50,  5750,-0.3, 2.0, 0.3658, 0.2819,Kp,L,A
 4.00,  5750,-0.3, 2.0, 0.3719, 0.2787,Kp,L,A
 4.50,  5750,-0.3, 2.0, 0.3728, 0.2787,Kp,L,A
 5.00,  5750,-0.3, 2.0, 0.3730, 0.2804,Kp,L,A
 3.50,  6000,-0.3, 2.0, 0.3329, 0.2957,Kp,L,A
 4.00,  6000,-0.3, 2.0, 0.3354, 0.2949,Kp,L,A
 4.50,  6000,-0.3, 2.0, 0.3342, 0.2965,Kp,L,A
 5.00,  6000,-0.3, 2.0, 0.3318, 0.3000,Kp,L,A
 3.50,  6250,-0.3, 2.0, 0.3092, 0.3037,Kp,L,A
 4.00,  6250,-0.3, 2.0, 0.3098, 0.3036,Kp,L,A
 4.50,  6250,-0.3, 2.0, 0.3071, 0.3058,Kp,L,A
 5.00,  6250,-0.3, 2.0, 0.3035, 0.3092,Kp,L,A
 3.50,  6500,-0.3, 2.0, 0.2887, 0.3118,Kp,L,A
 4.00,  6500,-0.3, 2.0, 0.2893, 0.3105,Kp,L,A
 4.50,  6500,-0.3, 2.0, 0.2859, 0.3124,Kp,L,A
 5.00,  6500,-0.3, 2.0, 0.2826, 0.3145,Kp,L,A
 3.50,  6750,-0.3, 2.0, 0.2683, 0.3215,Kp,L,A
 4.00,  6750,-0.3, 2.0, 0.2705, 0.3183,Kp,L,A
 4.50,  6750,-0.3, 2.0, 0.2687, 0.3179,Kp,L,A
 5.00,  6750,-0.3, 2.0, 0.2668, 0.3178,Kp,L,A
 3.50,  7000,-0.3, 2.0, 0.2517, 0.3298,Kp,L,A
 4.00,  7000,-0.3, 2.0, 0.2530, 0.3264,Kp,L,A
 4.50,  7000,-0.3, 2.0, 0.2529, 0.3241,Kp,L,A
 5.00,  7000,-0.3, 2.0, 0.2531, 0.3219,Kp,L,A
 3.50,  7250,-0.3, 2.0, 0.3696, 0.2360,Kp,L,A
 4.00,  7250,-0.3, 2.0, 0.2367, 0.3338,Kp,L,A
 4.50,  7250,-0.3, 2.0, 0.2365, 0.3312,Kp,L,A
 5.00,  7250,-0.3, 2.0, 0.2382, 0.3279,Kp,L,A
 3.50,  7500,-0.3, 2.0, 0.3444, 0.2540,Kp,L,A
 4.00,  7500,-0.3, 2.0, 0.2294, 0.3372,Kp,L,A
 4.50,  7500,-0.3, 2.0, 0.2215, 0.3381,Kp,L,A
 5.00,  7500,-0.3, 2.0, 0.2225, 0.3346,Kp,L,A
 3.50,  7750,-0.3, 2.0, 0.3217, 0.2669,Kp,L,A
 4.00,  7750,-0.3, 2.0, 0.3180, 0.2673,Kp,L,A
 4.50,  7750,-0.3, 2.0, 0.2110, 0.3427,Kp,L,A
 5.00,  7750,-0.3, 2.0, 0.2088, 0.3407,Kp,L,A
 3.50,  8000,-0.3, 2.0, 0.3028, 0.2718,Kp,L,A
 4.00,  8000,-0.3, 2.0, 0.2964, 0.2786,Kp,L,A
 4.50,  8000,-0.3, 2.0, 0.2932, 0.2790,Kp,L,A
 5.00,  8000,-0.3, 2.0, 0.1958, 0.3464,Kp,L,A
 3.50,  8250,-0.3, 2.0, 0.2817, 0.2772,Kp,L,A
 4.00,  8250,-0.3, 2.0, 0.2805, 0.2795,Kp,L,A
 4.50,  8250,-0.3, 2.0, 0.2732, 0.2883,Kp,L,A
 5.00,  8250,-0.3, 2.0, 0.2704, 0.2881,Kp,L,A
 3.50,  8500,-0.3, 2.0, 0.2614, 0.2827,Kp,L,A
 4.00,  8500,-0.3, 2.0, 0.2649, 0.2786,Kp,L,A
 4.50,  8500,-0.3, 2.0, 0.2593, 0.2868,Kp,L,A
 5.00,  8500,-0.3, 2.0, 0.2516, 0.2960,Kp,L,A
 3.50,  8750,-0.3, 2.0, 0.2441, 0.2870,Kp,L,A
 4.00,  8750,-0.3, 2.0, 0.2472, 0.2823,Kp,L,A
 4.50,  8750,-0.3, 2.0, 0.2480, 0.2812,Kp,L,A
 5.00,  8750,-0.3, 2.0, 0.2385, 0.2952,Kp,L,A
 3.50,  9000,-0.3, 2.0, 0.2309, 0.2896,Kp,L,A
 4.00,  9000,-0.3, 2.0, 0.2323, 0.2856,Kp,L,A
 4.50,  9000,-0.3, 2.0, 0.2359, 0.2804,Kp,L,A
 5.00,  9000,-0.3, 2.0, 0.2398, 0.2752,Kp,L,A
 3.50,  9250,-0.3, 2.0, 0.2203, 0.2913,Kp,L,A
 4.00,  9250,-0.3, 2.0, 0.2198, 0.2884,Kp,L,A
 4.50,  9250,-0.3, 2.0, 0.2216, 0.2841,Kp,L,A
 5.00,  9250,-0.3, 2.0, 0.2248, 0.2788,Kp,L,A
 3.50,  9500,-0.3, 2.0, 0.2116, 0.2920,Kp,L,A
 4.00,  9500,-0.3, 2.0, 0.2100, 0.2897,Kp,L,A
 4.50,  9500,-0.3, 2.0, 0.2102, 0.2865,Kp,L,A
 5.00,  9500,-0.3, 2.0, 0.2120, 0.2818,Kp,L,A
 3.50,  9750,-0.3, 2.0, 0.2032, 0.2930,Kp,L,A
 4.00,  9750,-0.3, 2.0, 0.2010, 0.2907,Kp,L,A
 4.50,  9750,-0.3, 2.0, 0.2010, 0.2877,Kp,L,A
 5.00,  9750,-0.3, 2.0, 0.2010, 0.2847,Kp,L,A
 3.50, 10000,-0.3, 2.0, 0.1966, 0.2928,Kp,L,A
 4.00, 10000,-0.3, 2.0, 0.1940, 0.2906,Kp,L,A
 4.50, 10000,-0.3, 2.0, 0.1926, 0.2886,Kp,L,A
 5.00, 10000,-0.3, 2.0, 0.1915, 0.2867,Kp,L,A
 3.50,  3500,-0.2, 2.0, 0.5770, 0.1882,Kp,L,A
 4.00,  3500,-0.2, 2.0, 0.4325, 0.3113,Kp,L,A
 4.50,  3500,-0.2, 2.0, 0.3525, 0.3729,Kp,L,A
 5.00,  3500,-0.2, 2.0, 0.3142, 0.3976,Kp,L,A
 3.50,  3750,-0.2, 2.0, 0.7280, 0.0379,Kp,L,A
 4.00,  3750,-0.2, 2.0, 0.4989, 0.2423,Kp,L,A
 4.50,  3750,-0.2, 2.0, 0.3402, 0.3719,Kp,L,A
 5.00,  3750,-0.2, 2.0, 0.2631, 0.4260,Kp,L,A
 3.50,  4000,-0.2, 2.0, 0.7863,-0.0100,Kp,L,A
 4.00,  4000,-0.2, 2.0, 0.6770, 0.0790,Kp,L,A
 4.50,  4000,-0.2, 2.0, 0.4639, 0.2589,Kp,L,A
 5.00,  4000,-0.2, 2.0, 0.3030, 0.3831,Kp,L,A
 3.50,  4250,-0.2, 2.0, 0.7277, 0.0365,Kp,L,A
 4.00,  4250,-0.2, 2.0, 0.7224, 0.0382,Kp,L,A
 4.50,  4250,-0.2, 2.0, 0.6443, 0.1010,Kp,L,A
 5.00,  4250,-0.2, 2.0, 0.4690, 0.2423,Kp,L,A
 3.50,  4500,-0.2, 2.0, 0.6691, 0.0787,Kp,L,A
 4.00,  4500,-0.2, 2.0, 0.6695, 0.0762,Kp,L,A
 4.50,  4500,-0.2, 2.0, 0.6660, 0.0775,Kp,L,A
 5.00,  4500,-0.2, 2.0, 0.6148, 0.1189,Kp,L,A
 3.50,  4750,-0.2, 2.0, 0.6050, 0.1275,Kp,L,A
 4.00,  4750,-0.2, 2.0, 0.6094, 0.1221,Kp,L,A
 4.50,  4750,-0.2, 2.0, 0.6106, 0.1196,Kp,L,A
 5.00,  4750,-0.2, 2.0, 0.6085, 0.1204,Kp,L,A
 3.50,  5000,-0.2, 2.0, 0.5405, 0.1747,Kp,L,A
 4.00,  5000,-0.2, 2.0, 0.5461, 0.1693,Kp,L,A
 4.50,  5000,-0.2, 2.0, 0.5508, 0.1646,Kp,L,A
 5.00,  5000,-0.2, 2.0, 0.5522, 0.1629,Kp,L,A
 3.50,  5250,-0.2, 2.0, 0.4781, 0.2172,Kp,L,A
 4.00,  5250,-0.2, 2.0, 0.4850, 0.2115,Kp,L,A
 4.50,  5250,-0.2, 2.0, 0.4900, 0.2075,Kp,L,A
 5.00,  5250,-0.2, 2.0, 0.4910, 0.2074,Kp,L,A
 3.50,  5500,-0.2, 2.0, 0.4219, 0.2522,Kp,L,A
 4.00,  5500,-0.2, 2.0, 0.4288, 0.2472,Kp,L,A
 4.50,  5500,-0.2, 2.0, 0.4341, 0.2434,Kp,L,A
 5.00,  5500,-0.2, 2.0, 0.4330, 0.2459,Kp,L,A
 3.50,  5750,-0.2, 2.0, 0.3755, 0.2773,Kp,L,A
 4.00,  5750,-0.2, 2.0, 0.3819, 0.2736,Kp,L,A
 4.50,  5750,-0.2, 2.0, 0.3858, 0.2711,Kp,L,A
 5.00,  5750,-0.2, 2.0, 0.3860, 0.2725,Kp,L,A
 3.50,  6000,-0.2, 2.0, 0.3391, 0.2941,Kp,L,A
 4.00,  6000,-0.2, 2.0, 0.3434, 0.2918,Kp,L,A
 4.50,  6000,-0.2, 2.0, 0.3447, 0.2916,Kp,L,A
 5.00,  6000,-0.2, 2.0, 0.3435, 0.2940,Kp,L,A
 3.50,  6250,-0.2, 2.0, 0.3133, 0.3033,Kp,L,A
 4.00,  6250,-0.2, 2.0, 0.3153, 0.3023,Kp,L,A
 4.50,  6250,-0.2, 2.0, 0.3147, 0.3032,Kp,L,A
 5.00,  6250,-0.2, 2.0, 0.3127, 0.3055,Kp,L,A
 3.50,  6500,-0.2, 2.0, 0.2913, 0.3120,Kp,L,A
 4.00,  6500,-0.2, 2.0, 0.2931, 0.3100,Kp,L,A
 4.50,  6500,-0.2, 2.0, 0.2914, 0.3110,Kp,L,A
 5.00,  6500,-0.2, 2.0, 0.2891, 0.3127,Kp,L,A
 3.50,  6750,-0.2, 2.0, 0.2706, 0.3215,Kp,L,A
 4.00,  6750,-0.2, 2.0, 0.2734, 0.3180,Kp,L,A
 4.50,  6750,-0.2, 2.0, 0.2730, 0.3167,Kp,L,A
 5.00,  6750,-0.2, 2.0, 0.2721, 0.3165,Kp,L,A
 3.50,  7000,-0.2, 2.0, 0.2541, 0.3297,Kp,L,A
 4.00,  7000,-0.2, 2.0, 0.2559, 0.3259,Kp,L,A
 4.50,  7000,-0.2, 2.0, 0.2565, 0.3233,Kp,L,A
 5.00,  7000,-0.2, 2.0, 0.2575, 0.3211,Kp,L,A
 3.50,  7250,-0.2, 2.0, 0.3715, 0.2369,Kp,L,A
 4.00,  7250,-0.2, 2.0, 0.2400, 0.3332,Kp,L,A
 4.50,  7250,-0.2, 2.0, 0.2404, 0.3300,Kp,L,A
 5.00,  7250,-0.2, 2.0, 0.2430, 0.3265,Kp,L,A
 3.50,  7500,-0.2, 2.0, 0.3445, 0.2566,Kp,L,A
 4.00,  7500,-0.2, 2.0, 0.3447, 0.2521,Kp,L,A
 4.50,  7500,-0.2, 2.0, 0.2252, 0.3374,Kp,L,A
 5.00,  7500,-0.2, 2.0, 0.2275, 0.3331,Kp,L,A
 3.50,  7750,-0.2, 2.0, 0.3228, 0.2686,Kp,L,A
 4.00,  7750,-0.2, 2.0, 0.3195, 0.2693,Kp,L,A
 4.50,  7750,-0.2, 2.0, 0.2169, 0.3408,Kp,L,A
 5.00,  7750,-0.2, 2.0, 0.2140, 0.3394,Kp,L,A
 3.50,  8000,-0.2, 2.0, 0.3051, 0.2724,Kp,L,A
 4.00,  8000,-0.2, 2.0, 0.2985, 0.2801,Kp,L,A
 4.50,  8000,-0.2, 2.0, 0.2959, 0.2808,Kp,L,A
 5.00,  8000,-0.2, 2.0, 0.2027, 0.3442,Kp,L,A
 3.50,  8250,-0.2, 2.0, 0.2834, 0.2784,Kp,L,A
 4.00,  8250,-0.2, 2.0, 0.2833, 0.2803,Kp,L,A
 4.50,  8250,-0.2, 2.0, 0.2759, 0.2902,Kp,L,A
 5.00,  8250,-0.2, 2.0, 0.2729, 0.2910,Kp,L,A
 3.50,  8500,-0.2, 2.0, 0.2625, 0.2839,Kp,L,A
 4.00,  8500,-0.2, 2.0, 0.2672, 0.2797,Kp,L,A
 4.50,  8500,-0.2, 2.0, 0.2627, 0.2880,Kp,L,A
 5.00,  8500,-0.2, 2.0, 0.2554, 0.2983,Kp,L,A
 3.50,  8750,-0.2, 2.0, 0.2447, 0.2880,Kp,L,A
 4.00,  8750,-0.2, 2.0, 0.2491, 0.2832,Kp,L,A
 4.50,  8750,-0.2, 2.0, 0.2521, 0.2816,Kp,L,A
 5.00,  8750,-0.2, 2.0, 0.2426, 0.2971,Kp,L,A
 3.50,  9000,-0.2, 2.0, 0.2324, 0.2894,Kp,L,A
 4.00,  9000,-0.2, 2.0, 0.2340, 0.2861,Kp,L,A
 4.50,  9000,-0.2, 2.0, 0.2391, 0.2811,Kp,L,A
 5.00,  9000,-0.2, 2.0, 0.2464, 0.2748,Kp,L,A
 3.50,  9250,-0.2, 2.0, 0.2213, 0.2915,Kp,L,A
 4.00,  9250,-0.2, 2.0, 0.2220, 0.2882,Kp,L,A
 4.50,  9250,-0.2, 2.0, 0.2249, 0.2842,Kp,L,A
 5.00,  9250,-0.2, 2.0, 0.2302, 0.2790,Kp,L,A
 3.50,  9500,-0.2, 2.0, 0.2128, 0.2921,Kp,L,A
 4.00,  9500,-0.2, 2.0, 0.2117, 0.2897,Kp,L,A
 4.50,  9500,-0.2, 2.0, 0.2135, 0.2863,Kp,L,A
 5.00,  9500,-0.2, 2.0, 0.2172, 0.2818,Kp,L,A
 3.50,  9750,-0.2, 2.0, 0.2050, 0.2926,Kp,L,A
 4.00,  9750,-0.2, 2.0, 0.2033, 0.2903,Kp,L,A
 4.50,  9750,-0.2, 2.0, 0.2032, 0.2883,Kp,L,A
 5.00,  9750,-0.2, 2.0, 0.2059, 0.2845,Kp,L,A
 3.50, 10000,-0.2, 2.0, 0.1981, 0.2928,Kp,L,A
 4.00, 10000,-0.2, 2.0, 0.1957, 0.2907,Kp,L,A
 4.50, 10000,-0.2, 2.0, 0.1942, 0.2897,Kp,L,A
 5.00, 10000,-0.2, 2.0, 0.1962, 0.2865,Kp,L,A
 3.50,  3500,-0.1, 2.0, 0.6357, 0.1284,Kp,L,A
 4.00,  3500,-0.1, 2.0, 0.4768, 0.2699,Kp,L,A
 4.50,  3500,-0.1, 2.0, 0.3853, 0.3447,Kp,L,A
 5.00,  3500,-0.1, 2.0, 0.3402, 0.3775,Kp,L,A
 3.50,  3750,-0.1, 2.0, 0.7762,-0.0075,Kp,L,A
 4.00,  3750,-0.1, 2.0, 0.5586, 0.1887,Kp,L,A
 4.50,  3750,-0.1, 2.0, 0.3803, 0.3384,Kp,L,A
 5.00,  3750,-0.1, 2.0, 0.2898, 0.4064,Kp,L,A
 3.50,  4000,-0.1, 2.0, 0.7966,-0.0191,Kp,L,A
 4.00,  4000,-0.1, 2.0, 0.7129, 0.0496,Kp,L,A
 4.50,  4000,-0.1, 2.0, 0.5081, 0.2238,Kp,L,A
 5.00,  4000,-0.1, 2.0, 0.3342, 0.3616,Kp,L,A
 3.50,  4250,-0.1, 2.0, 0.7338, 0.0334,Kp,L,A
 4.00,  4250,-0.1, 2.0, 0.7299, 0.0335,Kp,L,A
 4.50,  4250,-0.1, 2.0, 0.6656, 0.0853,Kp,L,A
 5.00,  4250,-0.1, 2.0, 0.4972, 0.2228,Kp,L,A
 3.50,  4500,-0.1, 2.0, 0.6755, 0.0755,Kp,L,A
 4.00,  4500,-0.1, 2.0, 0.6761, 0.0726,Kp,L,A
 4.50,  4500,-0.1, 2.0, 0.6740, 0.0722,Kp,L,A
 5.00,  4500,-0.1, 2.0, 0.6294, 0.1089,Kp,L,A
 3.50,  4750,-0.1, 2.0, 0.6124, 0.1235,Kp,L,A
 4.00,  4750,-0.1, 2.0, 0.6163, 0.1183,Kp,L,A
 4.50,  4750,-0.1, 2.0, 0.6188, 0.1142,Kp,L,A
 5.00,  4750,-0.1, 2.0, 0.6170, 0.1145,Kp,L,A
 3.50,  5000,-0.1, 2.0, 0.5474, 0.1713,Kp,L,A
 4.00,  5000,-0.1, 2.0, 0.5539, 0.1649,Kp,L,A
 4.50,  5000,-0.1, 2.0, 0.5575, 0.1611,Kp,L,A
 5.00,  5000,-0.1, 2.0, 0.5590, 0.1591,Kp,L,A
 3.50,  5250,-0.1, 2.0, 0.4858, 0.2129,Kp,L,A
 4.00,  5250,-0.1, 2.0, 0.4926, 0.2074,Kp,L,A
 4.50,  5250,-0.1, 2.0, 0.4966, 0.2043,Kp,L,A
 5.00,  5250,-0.1, 2.0, 0.4988, 0.2030,Kp,L,A
 3.50,  5500,-0.1, 2.0, 0.4298, 0.2477,Kp,L,A
 4.00,  5500,-0.1, 2.0, 0.4368, 0.2427,Kp,L,A
 4.50,  5500,-0.1, 2.0, 0.4415, 0.2396,Kp,L,A
 5.00,  5500,-0.1, 2.0, 0.4423, 0.2402,Kp,L,A
 3.50,  5750,-0.1, 2.0, 0.3811, 0.2752,Kp,L,A
 4.00,  5750,-0.1, 2.0, 0.3874, 0.2713,Kp,L,A
 4.50,  5750,-0.1, 2.0, 0.3928, 0.2676,Kp,L,A
 5.00,  5750,-0.1, 2.0, 0.3930, 0.2691,Kp,L,A
 3.50,  6000,-0.1, 2.0, 0.3424, 0.2931,Kp,L,A
 4.00,  6000,-0.1, 2.0, 0.3469, 0.2910,Kp,L,A
 4.50,  6000,-0.1, 2.0, 0.3511, 0.2889,Kp,L,A
 5.00,  6000,-0.1, 2.0, 0.3504, 0.2911,Kp,L,A
 3.50,  6250,-0.1, 2.0, 0.3135, 0.3044,Kp,L,A
 4.00,  6250,-0.1, 2.0, 0.3166, 0.3030,Kp,L,A
 4.50,  6250,-0.1, 2.0, 0.3190, 0.3020,Kp,L,A
 5.00,  6250,-0.1, 2.0, 0.3172, 0.3045,Kp,L,A
 3.50,  6500,-0.1, 2.0, 0.2907, 0.3132,Kp,L,A
 4.00,  6500,-0.1, 2.0, 0.2938, 0.3110,Kp,L,A
 4.50,  6500,-0.1, 2.0, 0.2947, 0.3103,Kp,L,A
 5.00,  6500,-0.1, 2.0, 0.2925, 0.3122,Kp,L,A
 3.50,  6750,-0.1, 2.0, 0.2703, 0.3226,Kp,L,A
 4.00,  6750,-0.1, 2.0, 0.2740, 0.3189,Kp,L,A
 4.50,  6750,-0.1, 2.0, 0.2751, 0.3169,Kp,L,A
 5.00,  6750,-0.1, 2.0, 0.2739, 0.3170,Kp,L,A
 3.50,  7000,-0.1, 2.0, 0.2527, 0.3308,Kp,L,A
 4.00,  7000,-0.1, 2.0, 0.2559, 0.3269,Kp,L,A
 4.50,  7000,-0.1, 2.0, 0.2576, 0.3235,Kp,L,A
 5.00,  7000,-0.1, 2.0, 0.2584, 0.3218,Kp,L,A
 3.50,  7250,-0.1, 2.0, 0.2457, 0.3221,Kp,L,A
 4.00,  7250,-0.1, 2.0, 0.2394, 0.3342,Kp,L,A
 4.50,  7250,-0.1, 2.0, 0.2403, 0.3308,Kp,L,A
 5.00,  7250,-0.1, 2.0, 0.2430, 0.3273,Kp,L,A
 3.50,  7500,-0.1, 2.0, 0.2702, 0.3060,Kp,L,A
 4.00,  7500,-0.1, 2.0, 0.2246, 0.3399,Kp,L,A
 4.50,  7500,-0.1, 2.0, 0.2247, 0.3380,Kp,L,A
 5.00,  7500,-0.1, 2.0, 0.2272, 0.3338,Kp,L,A
 3.50,  7750,-0.1, 2.0, 0.2892, 0.2936,Kp,L,A
 4.00,  7750,-0.1, 2.0, 0.2367, 0.3243,Kp,L,A
 4.50,  7750,-0.1, 2.0, 0.2072, 0.3440,Kp,L,A
 5.00,  7750,-0.1, 2.0, 0.2131, 0.3404,Kp,L,A
 3.50,  8000,-0.1, 2.0, 0.2983, 0.2795,Kp,L,A
 4.00,  8000,-0.1, 2.0, 0.2583, 0.3087,Kp,L,A
 4.50,  8000,-0.1, 2.0, 0.2077, 0.3408,Kp,L,A
 5.00,  8000,-0.1, 2.0, 0.1983, 0.3467,Kp,L,A
 3.50,  8250,-0.1, 2.0, 0.2813, 0.2814,Kp,L,A
 4.00,  8250,-0.1, 2.0, 0.2731, 0.2898,Kp,L,A
 4.50,  8250,-0.1, 2.0, 0.2257, 0.3261,Kp,L,A
 5.00,  8250,-0.1, 2.0, 0.1881, 0.3477,Kp,L,A
 3.50,  8500,-0.1, 2.0, 0.2604, 0.2865,Kp,L,A
 4.00,  8500,-0.1, 2.0, 0.2648, 0.2828,Kp,L,A
 4.50,  8500,-0.1, 2.0, 0.2464, 0.3015,Kp,L,A
 5.00,  8500,-0.1, 2.0, 0.1973, 0.3389,Kp,L,A
 3.50,  8750,-0.1, 2.0, 0.2440, 0.2888,Kp,L,A
 4.00,  8750,-0.1, 2.0, 0.2476, 0.2849,Kp,L,A
 4.50,  8750,-0.1, 2.0, 0.2495, 0.2844,Kp,L,A
 5.00,  8750,-0.1, 2.0, 0.2174, 0.3159,Kp,L,A
 3.50,  9000,-0.1, 2.0, 0.2314, 0.2903,Kp,L,A
 4.00,  9000,-0.1, 2.0, 0.2325, 0.2875,Kp,L,A
 4.50,  9000,-0.1, 2.0, 0.2366, 0.2836,Kp,L,A
 5.00,  9000,-0.1, 2.0, 0.2437, 0.2778,Kp,L,A
 3.50,  9250,-0.1, 2.0, 0.2211, 0.2918,Kp,L,A
 4.00,  9250,-0.1, 2.0, 0.2208, 0.2892,Kp,L,A
 4.50,  9250,-0.1, 2.0, 0.2234, 0.2854,Kp,L,A
 5.00,  9250,-0.1, 2.0, 0.2279, 0.2811,Kp,L,A
 3.50,  9500,-0.1, 2.0, 0.2129, 0.2923,Kp,L,A
 4.00,  9500,-0.1, 2.0, 0.2115, 0.2900,Kp,L,A
 4.50,  9500,-0.1, 2.0, 0.2123, 0.2871,Kp,L,A
 5.00,  9500,-0.1, 2.0, 0.2150, 0.2835,Kp,L,A
 3.50,  9750,-0.1, 2.0, 0.2054, 0.2928,Kp,L,A
 4.00,  9750,-0.1, 2.0, 0.2030, 0.2909,Kp,L,A
 4.50,  9750,-0.1, 2.0, 0.2030, 0.2883,Kp,L,A
 5.00,  9750,-0.1, 2.0, 0.2047, 0.2852,Kp,L,A
 3.50, 10000,-0.1, 2.0, 0.1982, 0.2936,Kp,L,A
 4.00, 10000,-0.1, 2.0, 0.1953, 0.2916,Kp,L,A
 4.50, 10000,-0.1, 2.0, 0.1951, 0.2889,Kp,L,A
 5.00, 10000,-0.1, 2.0, 0.1957, 0.2866,Kp,L,A
 3.50,  3500, 0.0, 2.0, 0.6877, 0.0789,Kp,L,A
 4.00,  3500, 0.0, 2.0, 0.5176, 0.2335,Kp,L,A
 4.50,  3500, 0.0, 2.0, 0.4158, 0.3203,Kp,L,A
 5.00,  3500, 0.0, 2.0, 0.3573, 0.3660,Kp,L,A
 3.50,  3750, 0.0, 2.0, 0.8071,-0.0371,Kp,L,A
 4.00,  3750, 0.0, 2.0, 0.6161, 0.1367,Kp,L,A
 4.50,  3750, 0.0, 2.0, 0.4224, 0.3037,Kp,L,A
 5.00,  3750, 0.0, 2.0, 0.3156, 0.3872,Kp,L,A
 3.50,  4000, 0.0, 2.0, 0.8039,-0.0259,Kp,L,A
 4.00,  4000, 0.0, 2.0, 0.7412, 0.0248,Kp,L,A
 4.50,  4000, 0.0, 2.0, 0.5516, 0.1880,Kp,L,A
 5.00,  4000, 0.0, 2.0, 0.3657, 0.3387,Kp,L,A
 3.50,  4250, 0.0, 2.0, 0.7398, 0.0299,Kp,L,A
 4.00,  4250, 0.0, 2.0, 0.7365, 0.0290,Kp,L,A
 4.50,  4250, 0.0, 2.0, 0.6834, 0.0718,Kp,L,A
 5.00,  4250, 0.0, 2.0, 0.5249, 0.2034,Kp,L,A
 3.50,  4500, 0.0, 2.0, 0.6820, 0.0716,Kp,L,A
 4.00,  4500, 0.0, 2.0, 0.6824, 0.0687,Kp,L,A
 4.50,  4500, 0.0, 2.0, 0.6811, 0.0672,Kp,L,A
 5.00,  4500, 0.0, 2.0, 0.6421, 0.0997,Kp,L,A
 3.50,  4750, 0.0, 2.0, 0.6213, 0.1173,Kp,L,A
 4.00,  4750, 0.0, 2.0, 0.6239, 0.1130,Kp,L,A
 4.50,  4750, 0.0, 2.0, 0.6270, 0.1082,Kp,L,A
 5.00,  4750, 0.0, 2.0, 0.6266, 0.1068,Kp,L,A
 3.50,  5000, 0.0, 2.0, 0.5567, 0.1653,Kp,L,A
 4.00,  5000, 0.0, 2.0, 0.5627, 0.1591,Kp,L,A
 4.50,  5000, 0.0, 2.0, 0.5684, 0.1530,Kp,L,A
 5.00,  5000, 0.0, 2.0, 0.5701, 0.1506,Kp,L,A
 3.50,  5250, 0.0, 2.0, 0.4949, 0.2079,Kp,L,A
 4.00,  5250, 0.0, 2.0, 0.5041, 0.1997,Kp,L,A
 4.50,  5250, 0.0, 2.0, 0.5086, 0.1959,Kp,L,A
 5.00,  5250, 0.0, 2.0, 0.5113, 0.1939,Kp,L,A
 3.50,  5500, 0.0, 2.0, 0.4394, 0.2431,Kp,L,A
 4.00,  5500, 0.0, 2.0, 0.4484, 0.2357,Kp,L,A
 4.50,  5500, 0.0, 2.0, 0.4526, 0.2327,Kp,L,A
 5.00,  5500, 0.0, 2.0, 0.4546, 0.2323,Kp,L,A
 3.50,  5750, 0.0, 2.0, 0.3893, 0.2727,Kp,L,A
 4.00,  5750, 0.0, 2.0, 0.3958, 0.2678,Kp,L,A
 4.50,  5750, 0.0, 2.0, 0.4035, 0.2622,Kp,L,A
 5.00,  5750, 0.0, 2.0, 0.4041, 0.2631,Kp,L,A
 3.50,  6000, 0.0, 2.0, 0.3465, 0.2945,Kp,L,A
 4.00,  6000, 0.0, 2.0, 0.3534, 0.2904,Kp,L,A
 4.50,  6000, 0.0, 2.0, 0.3588, 0.2868,Kp,L,A
 5.00,  6000, 0.0, 2.0, 0.3587, 0.2883,Kp,L,A
 3.50,  6250, 0.0, 2.0, 0.3144, 0.3083,Kp,L,A
 4.00,  6250, 0.0, 2.0, 0.3201, 0.3050,Kp,L,A
 4.50,  6250, 0.0, 2.0, 0.3239, 0.3029,Kp,L,A
 5.00,  6250, 0.0, 2.0, 0.3233, 0.3043,Kp,L,A
 3.50,  6500, 0.0, 2.0, 0.2903, 0.3175,Kp,L,A
 4.00,  6500, 0.0, 2.0, 0.2951, 0.3132,Kp,L,A
 4.50,  6500, 0.0, 2.0, 0.2971, 0.3119,Kp,L,A
 5.00,  6500, 0.0, 2.0, 0.2957, 0.3131,Kp,L,A
 3.50,  6750, 0.0, 2.0, 0.2688, 0.3259,Kp,L,A
 4.00,  6750, 0.0, 2.0, 0.2736, 0.3218,Kp,L,A
 4.50,  6750, 0.0, 2.0, 0.2753, 0.3195,Kp,L,A
 5.00,  6750, 0.0, 2.0, 0.2750, 0.3194,Kp,L,A
 3.50,  7000, 0.0, 2.0, 0.2509, 0.3340,Kp,L,A
 4.00,  7000, 0.0, 2.0, 0.2544, 0.3299,Kp,L,A
 4.50,  7000, 0.0, 2.0, 0.2567, 0.3263,Kp,L,A
 5.00,  7000, 0.0, 2.0, 0.2583, 0.3242,Kp,L,A
 3.50,  7250, 0.0, 2.0, 0.2478, 0.3269,Kp,L,A
 4.00,  7250, 0.0, 2.0, 0.2353, 0.3376,Kp,L,A
 4.50,  7250, 0.0, 2.0, 0.2389, 0.3338,Kp,L,A
 5.00,  7250, 0.0, 2.0, 0.2421, 0.3303,Kp,L,A
 3.50,  7500, 0.0, 2.0, 0.2730, 0.3049,Kp,L,A
 4.00,  7500, 0.0, 2.0, 0.2210, 0.3406,Kp,L,A
 4.50,  7500, 0.0, 2.0, 0.2230, 0.3409,Kp,L,A
 5.00,  7500, 0.0, 2.0, 0.2256, 0.3372,Kp,L,A
 3.50,  7750, 0.0, 2.0, 0.2894, 0.2948,Kp,L,A
 4.00,  7750, 0.0, 2.0, 0.2369, 0.3255,Kp,L,A
 4.50,  7750, 0.0, 2.0, 0.2100, 0.3463,Kp,L,A
 5.00,  7750, 0.0, 2.0, 0.2107, 0.3437,Kp,L,A
 3.50,  8000, 0.0, 2.0, 0.2974, 0.2815,Kp,L,A
 4.00,  8000, 0.0, 2.0, 0.2576, 0.3108,Kp,L,A
 4.50,  8000, 0.0, 2.0, 0.2068, 0.3437,Kp,L,A
 5.00,  8000, 0.0, 2.0, 0.1958, 0.3498,Kp,L,A
 3.50,  8250, 0.0, 2.0, 0.2791, 0.2846,Kp,L,A
 4.00,  8250, 0.0, 2.0, 0.2722, 0.2919,Kp,L,A
 4.50,  8250, 0.0, 2.0, 0.2258, 0.3273,Kp,L,A
 5.00,  8250, 0.0, 2.0, 0.1837, 0.3514,Kp,L,A
 3.50,  8500, 0.0, 2.0, 0.2585, 0.2891,Kp,L,A
 4.00,  8500, 0.0, 2.0, 0.2626, 0.2859,Kp,L,A
 4.50,  8500, 0.0, 2.0, 0.2450, 0.3038,Kp,L,A
 5.00,  8500, 0.0, 2.0, 0.1971, 0.3408,Kp,L,A
 3.50,  8750, 0.0, 2.0, 0.2434, 0.2898,Kp,L,A
 4.00,  8750, 0.0, 2.0, 0.2453, 0.2878,Kp,L,A
 4.50,  8750, 0.0, 2.0, 0.2478, 0.2868,Kp,L,A
 5.00,  8750, 0.0, 2.0, 0.2168, 0.3175,Kp,L,A
 3.50,  9000, 0.0, 2.0, 0.2307, 0.2911,Kp,L,A
 4.00,  9000, 0.0, 2.0, 0.2313, 0.2888,Kp,L,A
 4.50,  9000, 0.0, 2.0, 0.2345, 0.2859,Kp,L,A
 5.00,  9000, 0.0, 2.0, 0.2413, 0.2806,Kp,L,A
 3.50,  9250, 0.0, 2.0, 0.2211, 0.2919,Kp,L,A
 4.00,  9250, 0.0, 2.0, 0.2197, 0.2900,Kp,L,A
 4.50,  9250, 0.0, 2.0, 0.2214, 0.2871,Kp,L,A
 5.00,  9250, 0.0, 2.0, 0.2256, 0.2833,Kp,L,A
 3.50,  9500, 0.0, 2.0, 0.2127, 0.2930,Kp,L,A
 4.00,  9500, 0.0, 2.0, 0.2107, 0.2907,Kp,L,A
 4.50,  9500, 0.0, 2.0, 0.2110, 0.2880,Kp,L,A
 5.00,  9500, 0.0, 2.0, 0.2134, 0.2848,Kp,L,A
 3.50,  9750, 0.0, 2.0, 0.2054, 0.2936,Kp,L,A
 4.00,  9750, 0.0, 2.0, 0.2028, 0.2912,Kp,L,A
 4.50,  9750, 0.0, 2.0, 0.2023, 0.2888,Kp,L,A
 5.00,  9750, 0.0, 2.0, 0.2036, 0.2859,Kp,L,A
 3.50, 10000, 0.0, 2.0, 0.1984, 0.2943,Kp,L,A
 4.00, 10000, 0.0, 2.0, 0.1966, 0.2908,Kp,L,A
 4.50, 10000, 0.0, 2.0, 0.1951, 0.2890,Kp,L,A
 5.00, 10000, 0.0, 2.0, 0.1951, 0.2869,Kp,L,A
 3.50,  3500, 0.1, 2.0, 0.7237, 0.0428,Kp,L,A
 4.00,  3500, 0.1, 2.0, 0.5643, 0.1913,Kp,L,A
 4.50,  3500, 0.1, 2.0, 0.4523, 0.2890,Kp,L,A
 5.00,  3500, 0.1, 2.0, 0.3866, 0.3411,Kp,L,A
 3.50,  3750, 0.1, 2.0, 0.8289,-0.0583,Kp,L,A
 4.00,  3750, 0.1, 2.0, 0.6754, 0.0816,Kp,L,A
 4.50,  3750, 0.1, 2.0, 0.4768, 0.2575,Kp,L,A
 5.00,  3750, 0.1, 2.0, 0.3543, 0.3571,Kp,L,A
 3.50,  4000, 0.1, 2.0, 0.8109,-0.0319,Kp,L,A
 4.00,  4000, 0.1, 2.0, 0.7675, 0.0010,Kp,L,A
 4.50,  4000, 0.1, 2.0, 0.6041, 0.1433,Kp,L,A
 5.00,  4000, 0.1, 2.0, 0.4110, 0.3041,Kp,L,A
 3.50,  4250, 0.1, 2.0, 0.7436, 0.0290,Kp,L,A
 4.00,  4250, 0.1, 2.0, 0.7422, 0.0258,Kp,L,A
 4.50,  4250, 0.1, 2.0, 0.7032, 0.0563,Kp,L,A
 5.00,  4250, 0.1, 2.0, 0.5595, 0.1773,Kp,L,A
 3.50,  4500, 0.1, 2.0, 0.6855, 0.0711,Kp,L,A
 4.00,  4500, 0.1, 2.0, 0.6869, 0.0669,Kp,L,A
 4.50,  4500, 0.1, 2.0, 0.6854, 0.0656,Kp,L,A
 5.00,  4500, 0.1, 2.0, 0.6549, 0.0906,Kp,L,A
 3.50,  4750, 0.1, 2.0, 0.6262, 0.1155,Kp,L,A
 4.00,  4750, 0.1, 2.0, 0.6303, 0.1094,Kp,L,A
 4.50,  4750, 0.1, 2.0, 0.6323, 0.1054,Kp,L,A
 5.00,  4750, 0.1, 2.0, 0.6321, 0.1038,Kp,L,A
 3.50,  5000, 0.1, 2.0, 0.5645, 0.1611,Kp,L,A
 4.00,  5000, 0.1, 2.0, 0.5695, 0.1555,Kp,L,A
 4.50,  5000, 0.1, 2.0, 0.5746, 0.1496,Kp,L,A
 5.00,  5000, 0.1, 2.0, 0.5770, 0.1463,Kp,L,A
 3.50,  5250, 0.1, 2.0, 0.5029, 0.2038,Kp,L,A
 4.00,  5250, 0.1, 2.0, 0.5102, 0.1973,Kp,L,A
 4.50,  5250, 0.1, 2.0, 0.5167, 0.1914,Kp,L,A
 5.00,  5250, 0.1, 2.0, 0.5185, 0.1899,Kp,L,A
 3.50,  5500, 0.1, 2.0, 0.4458, 0.2409,Kp,L,A
 4.00,  5500, 0.1, 2.0, 0.4554, 0.2329,Kp,L,A
 4.50,  5500, 0.1, 2.0, 0.4603, 0.2291,Kp,L,A
 5.00,  5500, 0.1, 2.0, 0.4634, 0.2274,Kp,L,A
 3.50,  5750, 0.1, 2.0, 0.3963, 0.2701,Kp,L,A
 4.00,  5750, 0.1, 2.0, 0.4046, 0.2638,Kp,L,A
 4.50,  5750, 0.1, 2.0, 0.4096, 0.2602,Kp,L,A
 5.00,  5750, 0.1, 2.0, 0.4129, 0.2586,Kp,L,A
 3.50,  6000, 0.1, 2.0, 0.3530, 0.2928,Kp,L,A
 4.00,  6000, 0.1, 2.0, 0.3589, 0.2891,Kp,L,A
 4.50,  6000, 0.1, 2.0, 0.3661, 0.2844,Kp,L,A
 5.00,  6000, 0.1, 2.0, 0.3684, 0.2834,Kp,L,A
 3.50,  6250, 0.1, 2.0, 0.3186, 0.3081,Kp,L,A
 4.00,  6250, 0.1, 2.0, 0.3236, 0.3052,Kp,L,A
 4.50,  6250, 0.1, 2.0, 0.3288, 0.3024,Kp,L,A
 5.00,  6250, 0.1, 2.0, 0.3300, 0.3023,Kp,L,A
 3.50,  6500, 0.1, 2.0, 0.2915, 0.3189,Kp,L,A
 4.00,  6500, 0.1, 2.0, 0.2958, 0.3168,Kp,L,A
 4.50,  6500, 0.1, 2.0, 0.2998, 0.3138,Kp,L,A
 5.00,  6500, 0.1, 2.0, 0.2999, 0.3141,Kp,L,A
 3.50,  6750, 0.1, 2.0, 0.2669, 0.3336,Kp,L,A
 4.00,  6750, 0.1, 2.0, 0.2724, 0.3297,Kp,L,A
 4.50,  6750, 0.1, 2.0, 0.2758, 0.3272,Kp,L,A
 5.00,  6750, 0.1, 2.0, 0.2770, 0.3263,Kp,L,A
 3.50,  7000, 0.1, 2.0, 0.2477, 0.3408,Kp,L,A
 4.00,  7000, 0.1, 2.0, 0.2510, 0.3384,Kp,L,A
 4.50,  7000, 0.1, 2.0, 0.2550, 0.3343,Kp,L,A
 5.00,  7000, 0.1, 2.0, 0.2564, 0.3329,Kp,L,A
 3.50,  7250, 0.1, 2.0, 0.2470, 0.3276,Kp,L,A
 4.00,  7250, 0.1, 2.0, 0.2361, 0.3407,Kp,L,A
 4.50,  7250, 0.1, 2.0, 0.2372, 0.3375,Kp,L,A
 5.00,  7250, 0.1, 2.0, 0.2405, 0.3338,Kp,L,A
 3.50,  7500, 0.1, 2.0, 0.2754, 0.3044,Kp,L,A
 4.00,  7500, 0.1, 2.0, 0.2190, 0.3423,Kp,L,A
 4.50,  7500, 0.1, 2.0, 0.2210, 0.3445,Kp,L,A
 5.00,  7500, 0.1, 2.0, 0.2234, 0.3407,Kp,L,A
 3.50,  7750, 0.1, 2.0, 0.2888, 0.2973,Kp,L,A
 4.00,  7750, 0.1, 2.0, 0.2374, 0.3299,Kp,L,A
 4.50,  7750, 0.1, 2.0, 0.2034, 0.3496,Kp,L,A
 5.00,  7750, 0.1, 2.0, 0.2091, 0.3467,Kp,L,A
 3.50,  8000, 0.1, 2.0, 0.2959, 0.2843,Kp,L,A
 4.00,  8000, 0.1, 2.0, 0.2575, 0.3133,Kp,L,A
 4.50,  8000, 0.1, 2.0, 0.2082, 0.3466,Kp,L,A
 5.00,  8000, 0.1, 2.0, 0.1939, 0.3523,Kp,L,A
 3.50,  8250, 0.1, 2.0, 0.2765, 0.2885,Kp,L,A
 4.00,  8250, 0.1, 2.0, 0.2714, 0.2942,Kp,L,A
 4.50,  8250, 0.1, 2.0, 0.2253, 0.3295,Kp,L,A
 5.00,  8250, 0.1, 2.0, 0.1863, 0.3528,Kp,L,A
 3.50,  8500, 0.1, 2.0, 0.2562, 0.2924,Kp,L,A
 4.00,  8500, 0.1, 2.0, 0.2598, 0.2899,Kp,L,A
 4.50,  8500, 0.1, 2.0, 0.2443, 0.3061,Kp,L,A
 5.00,  8500, 0.1, 2.0, 0.1972, 0.3428,Kp,L,A
 3.50,  8750, 0.1, 2.0, 0.2415, 0.2923,Kp,L,A
 4.00,  8750, 0.1, 2.0, 0.2434, 0.2905,Kp,L,A
 4.50,  8750, 0.1, 2.0, 0.2449, 0.2907,Kp,L,A
 5.00,  8750, 0.1, 2.0, 0.2165, 0.3193,Kp,L,A
 3.50,  9000, 0.1, 2.0, 0.2294, 0.2927,Kp,L,A
 4.00,  9000, 0.1, 2.0, 0.2291, 0.2912,Kp,L,A
 4.50,  9000, 0.1, 2.0, 0.2324, 0.2885,Kp,L,A
 5.00,  9000, 0.1, 2.0, 0.2380, 0.2847,Kp,L,A
 3.50,  9250, 0.1, 2.0, 0.2206, 0.2926,Kp,L,A
 4.00,  9250, 0.1, 2.0, 0.2186, 0.2912,Kp,L,A
 4.50,  9250, 0.1, 2.0, 0.2191, 0.2895,Kp,L,A
 5.00,  9250, 0.1, 2.0, 0.2230, 0.2862,Kp,L,A
 3.50,  9500, 0.1, 2.0, 0.2127, 0.2934,Kp,L,A
 4.00,  9500, 0.1, 2.0, 0.2099, 0.2915,Kp,L,A
 4.50,  9500, 0.1, 2.0, 0.2094, 0.2894,Kp,L,A
 5.00,  9500, 0.1, 2.0, 0.2112, 0.2868,Kp,L,A
 3.50,  9750, 0.1, 2.0, 0.2054, 0.2943,Kp,L,A
 4.00,  9750, 0.1, 2.0, 0.2025, 0.2918,Kp,L,A
 4.50,  9750, 0.1, 2.0, 0.2011, 0.2899,Kp,L,A
 5.00,  9750, 0.1, 2.0, 0.2015, 0.2876,Kp,L,A
 3.50, 10000, 0.1, 2.0, 0.1987, 0.2950,Kp,L,A
 4.00, 10000, 0.1, 2.0, 0.1963, 0.2917,Kp,L,A
 4.50, 10000, 0.1, 2.0, 0.1944, 0.2897,Kp,L,A
 5.00, 10000, 0.1, 2.0, 0.1936, 0.2880,Kp,L,A
 3.50,  3500, 0.2, 2.0, 0.7601, 0.0070,Kp,L,A
 4.00,  3500, 0.2, 2.0, 0.6110, 0.1484,Kp,L,A
 4.50,  3500, 0.2, 2.0, 0.4772, 0.2662,Kp,L,A
 5.00,  3500, 0.2, 2.0, 0.4047, 0.3258,Kp,L,A
 3.50,  3750, 0.2, 2.0, 0.8392,-0.0690,Kp,L,A
 4.00,  3750, 0.2, 2.0, 0.7241, 0.0353,Kp,L,A
 4.50,  3750, 0.2, 2.0, 0.5308, 0.2107,Kp,L,A
 5.00,  3750, 0.2, 2.0, 0.3864, 0.3282,Kp,L,A
 3.50,  4000, 0.2, 2.0, 0.8168,-0.0374,Kp,L,A
 4.00,  4000, 0.2, 2.0, 0.7858,-0.0163,Kp,L,A
 4.50,  4000, 0.2, 2.0, 0.6504, 0.1023,Kp,L,A
 5.00,  4000, 0.2, 2.0, 0.4548, 0.2683,Kp,L,A
 3.50,  4250, 0.2, 2.0, 0.7487, 0.0267,Kp,L,A
 4.00,  4250, 0.2, 2.0, 0.7482, 0.0219,Kp,L,A
 4.50,  4250, 0.2, 2.0, 0.7181, 0.0443,Kp,L,A
 5.00,  4250, 0.2, 2.0, 0.5910, 0.1523,Kp,L,A
 3.50,  4500, 0.2, 2.0, 0.6901, 0.0696,Kp,L,A
 4.00,  4500, 0.2, 2.0, 0.6915, 0.0653,Kp,L,A
 4.50,  4500, 0.2, 2.0, 0.6908, 0.0628,Kp,L,A
 5.00,  4500, 0.2, 2.0, 0.6643, 0.0848,Kp,L,A
 3.50,  4750, 0.2, 2.0, 0.6323, 0.1124,Kp,L,A
 4.00,  4750, 0.2, 2.0, 0.6365, 0.1061,Kp,L,A
 4.50,  4750, 0.2, 2.0, 0.6385, 0.1017,Kp,L,A
 5.00,  4750, 0.2, 2.0, 0.6388, 0.0994,Kp,L,A
 3.50,  5000, 0.2, 2.0, 0.5703, 0.1585,Kp,L,A
 4.00,  5000, 0.2, 2.0, 0.5775, 0.1507,Kp,L,A
 4.50,  5000, 0.2, 2.0, 0.5820, 0.1451,Kp,L,A
 5.00,  5000, 0.2, 2.0, 0.5850, 0.1409,Kp,L,A
 3.50,  5250, 0.2, 2.0, 0.5114, 0.1993,Kp,L,A
 4.00,  5250, 0.2, 2.0, 0.5191, 0.1923,Kp,L,A
 4.50,  5250, 0.2, 2.0, 0.5256, 0.1860,Kp,L,A
 5.00,  5250, 0.2, 2.0, 0.5279, 0.1838,Kp,L,A
 3.50,  5500, 0.2, 2.0, 0.4547, 0.2367,Kp,L,A
 4.00,  5500, 0.2, 2.0, 0.4641, 0.2286,Kp,L,A
 4.50,  5500, 0.2, 2.0, 0.4695, 0.2240,Kp,L,A
 5.00,  5500, 0.2, 2.0, 0.4734, 0.2214,Kp,L,A
 3.50,  5750, 0.2, 2.0, 0.4033, 0.2680,Kp,L,A
 4.00,  5750, 0.2, 2.0, 0.4133, 0.2600,Kp,L,A
 4.50,  5750, 0.2, 2.0, 0.4191, 0.2555,Kp,L,A
 5.00,  5750, 0.2, 2.0, 0.4224, 0.2537,Kp,L,A
 3.50,  6000, 0.2, 2.0, 0.3586, 0.2925,Kp,L,A
 4.00,  6000, 0.2, 2.0, 0.3671, 0.2865,Kp,L,A
 4.50,  6000, 0.2, 2.0, 0.3729, 0.2826,Kp,L,A
 5.00,  6000, 0.2, 2.0, 0.3773, 0.2798,Kp,L,A
 3.50,  6250, 0.2, 2.0, 0.3218, 0.3096,Kp,L,A
 4.00,  6250, 0.2, 2.0, 0.3279, 0.3061,Kp,L,A
 4.50,  6250, 0.2, 2.0, 0.3344, 0.3022,Kp,L,A
 5.00,  6250, 0.2, 2.0, 0.3372, 0.3006,Kp,L,A
 3.50,  6500, 0.2, 2.0, 0.2926, 0.3220,Kp,L,A
 4.00,  6500, 0.2, 2.0, 0.2981, 0.3189,Kp,L,A
 4.50,  6500, 0.2, 2.0, 0.3031, 0.3155,Kp,L,A
 5.00,  6500, 0.2, 2.0, 0.3045, 0.3148,Kp,L,A
 3.50,  6750, 0.2, 2.0, 0.2676, 0.3326,Kp,L,A
 4.00,  6750, 0.2, 2.0, 0.2731, 0.3288,Kp,L,A
 4.50,  6750, 0.2, 2.0, 0.2769, 0.3258,Kp,L,A
 5.00,  6750, 0.2, 2.0, 0.2784, 0.3246,Kp,L,A
 3.50,  7000, 0.2, 2.0, 0.2489, 0.3395,Kp,L,A
 4.00,  7000, 0.2, 2.0, 0.2520, 0.3372,Kp,L,A
 4.50,  7000, 0.2, 2.0, 0.2557, 0.3332,Kp,L,A
 5.00,  7000, 0.2, 2.0, 0.2576, 0.3313,Kp,L,A
 3.50,  7250, 0.2, 2.0, 0.2502, 0.3238,Kp,L,A
 4.00,  7250, 0.2, 2.0, 0.2349, 0.3439,Kp,L,A
 4.50,  7250, 0.2, 2.0, 0.2361, 0.3410,Kp,L,A
 5.00,  7250, 0.2, 2.0, 0.2394, 0.3376,Kp,L,A
 3.50,  7500, 0.2, 2.0, 0.2756, 0.3068,Kp,L,A
 4.00,  7500, 0.2, 2.0, 0.2187, 0.3440,Kp,L,A
 4.50,  7500, 0.2, 2.0, 0.2194, 0.3478,Kp,L,A
 5.00,  7500, 0.2, 2.0, 0.2216, 0.3444,Kp,L,A
 3.50,  7750, 0.2, 2.0, 0.2889, 0.2989,Kp,L,A
 4.00,  7750, 0.2, 2.0, 0.2377, 0.3316,Kp,L,A
 4.50,  7750, 0.2, 2.0, 0.2043, 0.3517,Kp,L,A
 5.00,  7750, 0.2, 2.0, 0.2069, 0.3503,Kp,L,A
 3.50,  8000, 0.2, 2.0, 0.2948, 0.2865,Kp,L,A
 4.00,  8000, 0.2, 2.0, 0.2568, 0.3162,Kp,L,A
 4.50,  8000, 0.2, 2.0, 0.2077, 0.3477,Kp,L,A
 5.00,  8000, 0.2, 2.0, 0.1895, 0.3560,Kp,L,A
 3.50,  8250, 0.2, 2.0, 0.2743, 0.2919,Kp,L,A
 4.00,  8250, 0.2, 2.0, 0.2708, 0.2961,Kp,L,A
 4.50,  8250, 0.2, 2.0, 0.2256, 0.3309,Kp,L,A
 5.00,  8250, 0.2, 2.0, 0.1876, 0.3560,Kp,L,A
 3.50,  8500, 0.2, 2.0, 0.2543, 0.2955,Kp,L,A
 4.00,  8500, 0.2, 2.0, 0.2576, 0.2935,Kp,L,A
 4.50,  8500, 0.2, 2.0, 0.2444, 0.3073,Kp,L,A
 5.00,  8500, 0.2, 2.0, 0.1955, 0.3450,Kp,L,A
 3.50,  8750, 0.2, 2.0, 0.2401, 0.2945,Kp,L,A
 4.00,  8750, 0.2, 2.0, 0.2413, 0.2936,Kp,L,A
 4.50,  8750, 0.2, 2.0, 0.2423, 0.2944,Kp,L,A
 5.00,  8750, 0.2, 2.0, 0.2166, 0.3207,Kp,L,A
 3.50,  9000, 0.2, 2.0, 0.2286, 0.2939,Kp,L,A
 4.00,  9000, 0.2, 2.0, 0.2283, 0.2926,Kp,L,A
 4.50,  9000, 0.2, 2.0, 0.2303, 0.2913,Kp,L,A
 5.00,  9000, 0.2, 2.0, 0.2349, 0.2887,Kp,L,A
 3.50,  9250, 0.2, 2.0, 0.2201, 0.2935,Kp,L,A
 4.00,  9250, 0.2, 2.0, 0.2174, 0.2926,Kp,L,A
 4.50,  9250, 0.2, 2.0, 0.2179, 0.2909,Kp,L,A
 5.00,  9250, 0.2, 2.0, 0.2205, 0.2891,Kp,L,A
 3.50,  9500, 0.2, 2.0, 0.2127, 0.2939,Kp,L,A
 4.00,  9500, 0.2, 2.0, 0.2093, 0.2922,Kp,L,A
 4.50,  9500, 0.2, 2.0, 0.2081, 0.2907,Kp,L,A
 5.00,  9500, 0.2, 2.0, 0.2098, 0.2883,Kp,L,A
 3.50,  9750, 0.2, 2.0, 0.2056, 0.2948,Kp,L,A
 4.00,  9750, 0.2, 2.0, 0.2024, 0.2923,Kp,L,A
 4.50,  9750, 0.2, 2.0, 0.2003, 0.2906,Kp,L,A
 5.00,  9750, 0.2, 2.0, 0.2002, 0.2886,Kp,L,A
 3.50, 10000, 0.2, 2.0, 0.1994, 0.2953,Kp,L,A
 4.00, 10000, 0.2, 2.0, 0.1963, 0.2923,Kp,L,A
 4.50, 10000, 0.2, 2.0, 0.1939, 0.2903,Kp,L,A
 5.00, 10000, 0.2, 2.0, 0.1927, 0.2887,Kp,L,A
 3.50,  3500, 0.3, 2.0, 0.7755,-0.0094,Kp,L,A
 4.00,  3500, 0.3, 2.0, 0.6375, 0.1219,Kp,L,A
 4.50,  3500, 0.3, 2.0, 0.5050, 0.2417,Kp,L,A
 5.00,  3500, 0.3, 2.0, 0.4230, 0.3107,Kp,L,A
 3.50,  3750, 0.3, 2.0, 0.8431,-0.0736,Kp,L,A
 4.00,  3750, 0.3, 2.0, 0.7613,-0.0007,Kp,L,A
 4.50,  3750, 0.3, 2.0, 0.5825, 0.1630,Kp,L,A
 5.00,  3750, 0.3, 2.0, 0.4262, 0.2964,Kp,L,A
 3.50,  4000, 0.3, 2.0, 0.8221,-0.0426,Kp,L,A
 4.00,  4000, 0.3, 2.0, 0.7982,-0.0285,Kp,L,A
 4.50,  4000, 0.3, 2.0, 0.6858, 0.0690,Kp,L,A
 5.00,  4000, 0.3, 2.0, 0.5032, 0.2274,Kp,L,A
 3.50,  4250, 0.3, 2.0, 0.7536, 0.0244,Kp,L,A
 4.00,  4250, 0.3, 2.0, 0.7544, 0.0177,Kp,L,A
 4.50,  4250, 0.3, 2.0, 0.7306, 0.0338,Kp,L,A
 5.00,  4250, 0.3, 2.0, 0.6218, 0.1267,Kp,L,A
 3.50,  4500, 0.3, 2.0, 0.6946, 0.0683,Kp,L,A
 4.00,  4500, 0.3, 2.0, 0.6962, 0.0636,Kp,L,A
 4.50,  4500, 0.3, 2.0, 0.6960, 0.0604,Kp,L,A
 5.00,  4500, 0.3, 2.0, 0.6731, 0.0783,Kp,L,A
 3.50,  4750, 0.3, 2.0, 0.6377, 0.1101,Kp,L,A
 4.00,  4750, 0.3, 2.0, 0.6421, 0.1033,Kp,L,A
 4.50,  4750, 0.3, 2.0, 0.6441, 0.0989,Kp,L,A
 5.00,  4750, 0.3, 2.0, 0.6447, 0.0960,Kp,L,A
 3.50,  5000, 0.3, 2.0, 0.5780, 0.1544,Kp,L,A
 4.00,  5000, 0.3, 2.0, 0.5849, 0.1466,Kp,L,A
 4.50,  5000, 0.3, 2.0, 0.5896, 0.1405,Kp,L,A
 5.00,  5000, 0.3, 2.0, 0.5921, 0.1364,Kp,L,A
 3.50,  5250, 0.3, 2.0, 0.5198, 0.1952,Kp,L,A
 4.00,  5250, 0.3, 2.0, 0.5277, 0.1875,Kp,L,A
 4.50,  5250, 0.3, 2.0, 0.5324, 0.1828,Kp,L,A
 5.00,  5250, 0.3, 2.0, 0.5370, 0.1780,Kp,L,A
 3.50,  5500, 0.3, 2.0, 0.4637, 0.2326,Kp,L,A
 4.00,  5500, 0.3, 2.0, 0.4725, 0.2245,Kp,L,A
 4.50,  5500, 0.3, 2.0, 0.4785, 0.2193,Kp,L,A
 5.00,  5500, 0.3, 2.0, 0.4823, 0.2165,Kp,L,A
 3.50,  5750, 0.3, 2.0, 0.4109, 0.2657,Kp,L,A
 4.00,  5750, 0.3, 2.0, 0.4213, 0.2570,Kp,L,A
 4.50,  5750, 0.3, 2.0, 0.4282, 0.2514,Kp,L,A
 5.00,  5750, 0.3, 2.0, 0.4321, 0.2487,Kp,L,A
 3.50,  6000, 0.3, 2.0, 0.3647, 0.2918,Kp,L,A
 4.00,  6000, 0.3, 2.0, 0.3747, 0.2845,Kp,L,A
 4.50,  6000, 0.3, 2.0, 0.3810, 0.2799,Kp,L,A
 5.00,  6000, 0.3, 2.0, 0.3866, 0.2758,Kp,L,A
 3.50,  6250, 0.3, 2.0, 0.3255, 0.3111,Kp,L,A
 4.00,  6250, 0.3, 2.0, 0.3325, 0.3070,Kp,L,A
 4.50,  6250, 0.3, 2.0, 0.3403, 0.3016,Kp,L,A
 5.00,  6250, 0.3, 2.0, 0.3447, 0.2987,Kp,L,A
 3.50,  6500, 0.3, 2.0, 0.2934, 0.3247,Kp,L,A
 4.00,  6500, 0.3, 2.0, 0.2990, 0.3218,Kp,L,A
 4.50,  6500, 0.3, 2.0, 0.3067, 0.3171,Kp,L,A
 5.00,  6500, 0.3, 2.0, 0.3083, 0.3164,Kp,L,A
 3.50,  6750, 0.3, 2.0, 0.2673, 0.3360,Kp,L,A
 4.00,  6750, 0.3, 2.0, 0.2733, 0.3325,Kp,L,A
 4.50,  6750, 0.3, 2.0, 0.2782, 0.3287,Kp,L,A
 5.00,  6750, 0.3, 2.0, 0.2807, 0.3269,Kp,L,A
 3.50,  7000, 0.3, 2.0, 0.2476, 0.3421,Kp,L,A
 4.00,  7000, 0.3, 2.0, 0.2511, 0.3409,Kp,L,A
 4.50,  7000, 0.3, 2.0, 0.2554, 0.3369,Kp,L,A
 5.00,  7000, 0.3, 2.0, 0.2577, 0.3352,Kp,L,A
 3.50,  7250, 0.3, 2.0, 0.2525, 0.3229,Kp,L,A
 4.00,  7250, 0.3, 2.0, 0.2332, 0.3474,Kp,L,A
 4.50,  7250, 0.3, 2.0, 0.2351, 0.3446,Kp,L,A
 5.00,  7250, 0.3, 2.0, 0.2383, 0.3415,Kp,L,A
 3.50,  7500, 0.3, 2.0, 0.2743, 0.3114,Kp,L,A
 4.00,  7500, 0.3, 2.0, 0.2228, 0.3485,Kp,L,A
 4.50,  7500, 0.3, 2.0, 0.2182, 0.3513,Kp,L,A
 5.00,  7500, 0.3, 2.0, 0.2201, 0.3482,Kp,L,A
 3.50,  7750, 0.3, 2.0, 0.2894, 0.3005,Kp,L,A
 4.00,  7750, 0.3, 2.0, 0.2392, 0.3311,Kp,L,A
 4.50,  7750, 0.3, 2.0, 0.2061, 0.3552,Kp,L,A
 5.00,  7750, 0.3, 2.0, 0.2048, 0.3541,Kp,L,A
 3.50,  8000, 0.3, 2.0, 0.2934, 0.2892,Kp,L,A
 4.00,  8000, 0.3, 2.0, 0.2571, 0.3178,Kp,L,A
 4.50,  8000, 0.3, 2.0, 0.2072, 0.3486,Kp,L,A
 5.00,  8000, 0.3, 2.0, 0.1863, 0.3593,Kp,L,A
 3.50,  8250, 0.3, 2.0, 0.2725, 0.2950,Kp,L,A
 4.00,  8250, 0.3, 2.0, 0.2690, 0.2992,Kp,L,A
 4.50,  8250, 0.3, 2.0, 0.2263, 0.3321,Kp,L,A
 5.00,  8250, 0.3, 2.0, 0.1859, 0.3593,Kp,L,A
 3.50,  8500, 0.3, 2.0, 0.2521, 0.2989,Kp,L,A
 4.00,  8500, 0.3, 2.0, 0.2557, 0.2967,Kp,L,A
 4.50,  8500, 0.3, 2.0, 0.2438, 0.3095,Kp,L,A
 5.00,  8500, 0.3, 2.0, 0.1951, 0.3470,Kp,L,A
 3.50,  8750, 0.3, 2.0, 0.2387, 0.2969,Kp,L,A
 4.00,  8750, 0.3, 2.0, 0.2387, 0.2973,Kp,L,A
 4.50,  8750, 0.3, 2.0, 0.2400, 0.2979,Kp,L,A
 5.00,  8750, 0.3, 2.0, 0.2163, 0.3224,Kp,L,A
 3.50,  9000, 0.3, 2.0, 0.2282, 0.2949,Kp,L,A
 4.00,  9000, 0.3, 2.0, 0.2268, 0.2949,Kp,L,A
 4.50,  9000, 0.3, 2.0, 0.2276, 0.2949,Kp,L,A
 5.00,  9000, 0.3, 2.0, 0.2318, 0.2930,Kp,L,A
 3.50,  9250, 0.3, 2.0, 0.2199, 0.2942,Kp,L,A
 4.00,  9250, 0.3, 2.0, 0.2166, 0.2937,Kp,L,A
 4.50,  9250, 0.3, 2.0, 0.2160, 0.2931,Kp,L,A
 5.00,  9250, 0.3, 2.0, 0.2177, 0.2924,Kp,L,A
 3.50,  9500, 0.3, 2.0, 0.2128, 0.2943,Kp,L,A
 4.00,  9500, 0.3, 2.0, 0.2088, 0.2930,Kp,L,A
 4.50,  9500, 0.3, 2.0, 0.2072, 0.2917,Kp,L,A
 5.00,  9500, 0.3, 2.0, 0.2073, 0.2908,Kp,L,A
 3.50,  9750, 0.3, 2.0, 0.2059, 0.2954,Kp,L,A
 4.00,  9750, 0.3, 2.0, 0.2021, 0.2929,Kp,L,A
 4.50,  9750, 0.3, 2.0, 0.1996, 0.2913,Kp,L,A
 5.00,  9750, 0.3, 2.0, 0.1990, 0.2897,Kp,L,A
 3.50, 10000, 0.3, 2.0, 0.1997, 0.2960,Kp,L,A
 4.00, 10000, 0.3, 2.0, 0.1962, 0.2930,Kp,L,A
 4.50, 10000, 0.3, 2.0, 0.1933, 0.2911,Kp,L,A
 5.00, 10000, 0.3, 2.0, 0.1917, 0.2895,Kp,L,A
 3.50,  3500, 0.5, 2.0, 0.7853,-0.0207,Kp,L,A
 4.00,  3500, 0.5, 2.0, 0.6924, 0.0680,Kp,L,A
 4.50,  3500, 0.5, 2.0, 0.5566, 0.1938,Kp,L,A
 5.00,  3500, 0.5, 2.0, 0.4558, 0.2823,Kp,L,A
 3.50,  3750, 0.5, 2.0, 0.8419,-0.0739,Kp,L,A
 4.00,  3750, 0.5, 2.0, 0.7976,-0.0375,Kp,L,A
 4.50,  3750, 0.5, 2.0, 0.6737, 0.0767,Kp,L,A
 5.00,  3750, 0.5, 2.0, 0.5135, 0.2219,Kp,L,A
 3.50,  4000, 0.5, 2.0, 0.8310,-0.0516,Kp,L,A
 4.00,  4000, 0.5, 2.0, 0.8132,-0.0441,Kp,L,A
 4.50,  4000, 0.5, 2.0, 0.7516, 0.0071,Kp,L,A
 5.00,  4000, 0.5, 2.0, 0.6041, 0.1384,Kp,L,A
 3.50,  4250, 0.5, 2.0, 0.7656, 0.0169,Kp,L,A
 4.00,  4250, 0.5, 2.0, 0.7673, 0.0080,Kp,L,A
 4.50,  4250, 0.5, 2.0, 0.7506, 0.0163,Kp,L,A
 5.00,  4250, 0.5, 2.0, 0.6739, 0.0810,Kp,L,A
 3.50,  4500, 0.5, 2.0, 0.7044, 0.0655,Kp,L,A
 4.00,  4500, 0.5, 2.0, 0.7070, 0.0593,Kp,L,A
 4.50,  4500, 0.5, 2.0, 0.7070, 0.0551,Kp,L,A
 5.00,  4500, 0.5, 2.0, 0.6895, 0.0670,Kp,L,A
 3.50,  4750, 0.5, 2.0, 0.6505, 0.1041,Kp,L,A
 4.00,  4750, 0.5, 2.0, 0.6538, 0.0980,Kp,L,A
 4.50,  4750, 0.5, 2.0, 0.6563, 0.0927,Kp,L,A
 5.00,  4750, 0.5, 2.0, 0.6564, 0.0899,Kp,L,A
 3.50,  5000, 0.5, 2.0, 0.5926, 0.1474,Kp,L,A
 4.00,  5000, 0.5, 2.0, 0.5988, 0.1396,Kp,L,A
 4.50,  5000, 0.5, 2.0, 0.6039, 0.1324,Kp,L,A
 5.00,  5000, 0.5, 2.0, 0.6060, 0.1284,Kp,L,A
 3.50,  5250, 0.5, 2.0, 0.5351, 0.1884,Kp,L,A
 4.00,  5250, 0.5, 2.0, 0.5438, 0.1793,Kp,L,A
 4.50,  5250, 0.5, 2.0, 0.5484, 0.1742,Kp,L,A
 5.00,  5250, 0.5, 2.0, 0.5537, 0.1682,Kp,L,A
 3.50,  5500, 0.5, 2.0, 0.4794, 0.2264,Kp,L,A
 4.00,  5500, 0.5, 2.0, 0.4888, 0.2173,Kp,L,A
 4.50,  5500, 0.5, 2.0, 0.4955, 0.2111,Kp,L,A
 5.00,  5500, 0.5, 2.0, 0.5018, 0.2053,Kp,L,A
 3.50,  5750, 0.5, 2.0, 0.4244, 0.2630,Kp,L,A
 4.00,  5750, 0.5, 2.0, 0.4369, 0.2517,Kp,L,A
 4.50,  5750, 0.5, 2.0, 0.4458, 0.2436,Kp,L,A
 5.00,  5750, 0.5, 2.0, 0.4505, 0.2397,Kp,L,A
 3.50,  6000, 0.5, 2.0, 0.3769, 0.2910,Kp,L,A
 4.00,  6000, 0.5, 2.0, 0.3879, 0.2821,Kp,L,A
 4.50,  6000, 0.5, 2.0, 0.3985, 0.2736,Kp,L,A
 5.00,  6000, 0.5, 2.0, 0.4040, 0.2690,Kp,L,A
 3.50,  6250, 0.5, 2.0, 0.3339, 0.3144,Kp,L,A
 4.00,  6250, 0.5, 2.0, 0.3440, 0.3077,Kp,L,A
 4.50,  6250, 0.5, 2.0, 0.3526, 0.3005,Kp,L,A
 5.00,  6250, 0.5, 2.0, 0.3592, 0.2959,Kp,L,A
 3.50,  6500, 0.5, 2.0, 0.2968, 0.3318,Kp,L,A
 4.00,  6500, 0.5, 2.0, 0.3053, 0.3277,Kp,L,A
 4.50,  6500, 0.5, 2.0, 0.3146, 0.3206,Kp,L,A
 5.00,  6500, 0.5, 2.0, 0.3211, 0.3159,Kp,L,A
 3.50,  6750, 0.5, 2.0, 0.2658, 0.3460,Kp,L,A
 4.00,  6750, 0.5, 2.0, 0.2745, 0.3403,Kp,L,A
 4.50,  6750, 0.5, 2.0, 0.2821, 0.3356,Kp,L,A
 5.00,  6750, 0.5, 2.0, 0.2862, 0.3330,Kp,L,A
 3.50,  7000, 0.5, 2.0, 0.2479, 0.3481,Kp,L,A
 4.00,  7000, 0.5, 2.0, 0.2494, 0.3503,Kp,L,A
 4.50,  7000, 0.5, 2.0, 0.2546, 0.3464,Kp,L,A
 5.00,  7000, 0.5, 2.0, 0.2581, 0.3442,Kp,L,A
 3.50,  7250, 0.5, 2.0, 0.2561, 0.3338,Kp,L,A
 4.00,  7250, 0.5, 2.0, 0.2304, 0.3553,Kp,L,A
 4.50,  7250, 0.5, 2.0, 0.2322, 0.3540,Kp,L,A
 5.00,  7250, 0.5, 2.0, 0.2354, 0.3518,Kp,L,A
 3.50,  7500, 0.5, 2.0, 0.2759, 0.3173,Kp,L,A
 4.00,  7500, 0.5, 2.0, 0.2235, 0.3540,Kp,L,A
 4.50,  7500, 0.5, 2.0, 0.2150, 0.3601,Kp,L,A
 5.00,  7500, 0.5, 2.0, 0.2164, 0.3579,Kp,L,A
 3.50,  7750, 0.5, 2.0, 0.2913, 0.3040,Kp,L,A
 4.00,  7750, 0.5, 2.0, 0.2412, 0.3363,Kp,L,A
 4.50,  7750, 0.5, 2.0, 0.1998, 0.3629,Kp,L,A
 5.00,  7750, 0.5, 2.0, 0.2007, 0.3632,Kp,L,A
 3.50,  8000, 0.5, 2.0, 0.2920, 0.2933,Kp,L,A
 4.00,  8000, 0.5, 2.0, 0.2602, 0.3197,Kp,L,A
 4.50,  8000, 0.5, 2.0, 0.2127, 0.3514,Kp,L,A
 5.00,  8000, 0.5, 2.0, 0.1864, 0.3673,Kp,L,A
 3.50,  8250, 0.5, 2.0, 0.2683, 0.3018,Kp,L,A
 4.00,  8250, 0.5, 2.0, 0.2671, 0.3041,Kp,L,A
 4.50,  8250, 0.5, 2.0, 0.2285, 0.3354,Kp,L,A
 5.00,  8250, 0.5, 2.0, 0.1832, 0.3634,Kp,L,A
 3.50,  8500, 0.5, 2.0, 0.2490, 0.3049,Kp,L,A
 4.00,  8500, 0.5, 2.0, 0.2508, 0.3044,Kp,L,A
 4.50,  8500, 0.5, 2.0, 0.2437, 0.3130,Kp,L,A
 5.00,  8500, 0.5, 2.0, 0.1981, 0.3495,Kp,L,A
 3.50,  8750, 0.5, 2.0, 0.2359, 0.3024,Kp,L,A
 4.00,  8750, 0.5, 2.0, 0.2351, 0.3038,Kp,L,A
 4.50,  8750, 0.5, 2.0, 0.2355, 0.3054,Kp,L,A
 5.00,  8750, 0.5, 2.0, 0.2167, 0.3255,Kp,L,A
 3.50,  9000, 0.5, 2.0, 0.2269, 0.2983,Kp,L,A
 4.00,  9000, 0.5, 2.0, 0.2235, 0.3003,Kp,L,A
 4.50,  9000, 0.5, 2.0, 0.2233, 0.3018,Kp,L,A
 5.00,  9000, 0.5, 2.0, 0.2259, 0.3017,Kp,L,A
 3.50,  9250, 0.5, 2.0, 0.2197, 0.2959,Kp,L,A
 4.00,  9250, 0.5, 2.0, 0.2150, 0.2967,Kp,L,A
 4.50,  9250, 0.5, 2.0, 0.2127, 0.2981,Kp,L,A
 5.00,  9250, 0.5, 2.0, 0.2129, 0.2994,Kp,L,A
 3.50,  9500, 0.5, 2.0, 0.2130, 0.2957,Kp,L,A
 4.00,  9500, 0.5, 2.0, 0.2085, 0.2944,Kp,L,A
 4.50,  9500, 0.5, 2.0, 0.2046, 0.2952,Kp,L,A
 5.00,  9500, 0.5, 2.0, 0.2034, 0.2958,Kp,L,A
 3.50,  9750, 0.5, 2.0, 0.2065, 0.2966,Kp,L,A
 4.00,  9750, 0.5, 2.0, 0.2023, 0.2939,Kp,L,A
 4.50,  9750, 0.5, 2.0, 0.1986, 0.2929,Kp,L,A
 5.00,  9750, 0.5, 2.0, 0.1957, 0.2933,Kp,L,A
 3.50, 10000, 0.5, 2.0, 0.2001, 0.2979,Kp,L,A
 4.00, 10000, 0.5, 2.0, 0.1965, 0.2942,Kp,L,A
 4.50, 10000, 0.5, 2.0, 0.1932, 0.2918,Kp,L,A
 5.00, 10000, 0.5, 2.0, 0.1900, 0.2911,Kp,L,A
 3.50,  3500, 1.0, 2.0, 0.7459, 0.0154,Kp,L,A
 4.00,  3500, 1.0, 2.0, 0.7232, 0.0370,Kp,L,A
 4.50,  3500, 1.0, 2.0, 0.6403, 0.1171,Kp,L,A
 5.00,  3500, 1.0, 2.0, 0.5396, 0.2106,Kp,L,A
 3.50,  3750, 1.0, 2.0, 0.8179,-0.0541,Kp,L,A
 4.00,  3750, 1.0, 2.0, 0.7885,-0.0323,Kp,L,A
 4.50,  3750, 1.0, 2.0, 0.7561,-0.0058,Kp,L,A
 5.00,  3750, 1.0, 2.0, 0.6800, 0.0645,Kp,L,A
 3.50,  4000, 1.0, 2.0, 0.8413,-0.0641,Kp,L,A
 4.00,  4000, 1.0, 2.0, 0.8232,-0.0573,Kp,L,A
 4.50,  4000, 1.0, 2.0, 0.7885,-0.0325,Kp,L,A
 5.00,  4000, 1.0, 2.0, 0.7428, 0.0047,Kp,L,A
 3.50,  4250, 1.0, 2.0, 0.7961,-0.0063,Kp,L,A
 4.00,  4250, 1.0, 2.0, 0.7962,-0.0170,Kp,L,A
 4.50,  4250, 1.0, 2.0, 0.7834,-0.0153,Kp,L,A
 5.00,  4250, 1.0, 2.0, 0.7423, 0.0154,Kp,L,A
 3.50,  4500, 1.0, 2.0, 0.7293, 0.0590,Kp,L,A
 4.00,  4500, 1.0, 2.0, 0.7337, 0.0481,Kp,L,A
 4.50,  4500, 1.0, 2.0, 0.7356, 0.0389,Kp,L,A
 5.00,  4500, 1.0, 2.0, 0.7217, 0.0440,Kp,L,A
 3.50,  4750, 1.0, 2.0, 0.6740, 0.1008,Kp,L,A
 4.00,  4750, 1.0, 2.0, 0.6771, 0.0940,Kp,L,A
 4.50,  4750, 1.0, 2.0, 0.6797, 0.0873,Kp,L,A
 5.00,  4750, 1.0, 2.0, 0.6805, 0.0819,Kp,L,A
 3.50,  5000, 1.0, 2.0, 0.6218, 0.1384,Kp,L,A
 4.00,  5000, 1.0, 2.0, 0.6276, 0.1298,Kp,L,A
 4.50,  5000, 1.0, 2.0, 0.6312, 0.1232,Kp,L,A
 5.00,  5000, 1.0, 2.0, 0.6330, 0.1183,Kp,L,A
 3.50,  5250, 1.0, 2.0, 0.5691, 0.1767,Kp,L,A
 4.00,  5250, 1.0, 2.0, 0.5758, 0.1683,Kp,L,A
 4.50,  5250, 1.0, 2.0, 0.5817, 0.1605,Kp,L,A
 5.00,  5250, 1.0, 2.0, 0.5850, 0.1550,Kp,L,A
 3.50,  5500, 1.0, 2.0, 0.5149, 0.2154,Kp,L,A
 4.00,  5500, 1.0, 2.0, 0.5227, 0.2067,Kp,L,A
 4.50,  5500, 1.0, 2.0, 0.5308, 0.1981,Kp,L,A
 5.00,  5500, 1.0, 2.0, 0.5356, 0.1923,Kp,L,A
 3.50,  5750, 1.0, 2.0, 0.4608, 0.2528,Kp,L,A
 4.00,  5750, 1.0, 2.0, 0.4715, 0.2423,Kp,L,A
 4.50,  5750, 1.0, 2.0, 0.4813, 0.2324,Kp,L,A
 5.00,  5750, 1.0, 2.0, 0.4854, 0.2282,Kp,L,A
 3.50,  6000, 1.0, 2.0, 0.4079, 0.2883,Kp,L,A
 4.00,  6000, 1.0, 2.0, 0.4206, 0.2766,Kp,L,A
 4.50,  6000, 1.0, 2.0, 0.4311, 0.2665,Kp,L,A
 5.00,  6000, 1.0, 2.0, 0.4383, 0.2599,Kp,L,A
 3.50,  6250, 1.0, 2.0, 0.3561, 0.3206,Kp,L,A
 4.00,  6250, 1.0, 2.0, 0.3705, 0.3087,Kp,L,A
 4.50,  6250, 1.0, 2.0, 0.3838, 0.2971,Kp,L,A
 5.00,  6250, 1.0, 2.0, 0.3919, 0.2898,Kp,L,A
 3.50,  6500, 1.0, 2.0, 0.3109, 0.3452,Kp,L,A
 4.00,  6500, 1.0, 2.0, 0.3257, 0.3350,Kp,L,A
 4.50,  6500, 1.0, 2.0, 0.3388, 0.3243,Kp,L,A
 5.00,  6500, 1.0, 2.0, 0.3488, 0.3161,Kp,L,A
 3.50,  6750, 1.0, 2.0, 0.2765, 0.3595,Kp,L,A
 4.00,  6750, 1.0, 2.0, 0.2866, 0.3545,Kp,L,A
 4.50,  6750, 1.0, 2.0, 0.2979, 0.3461,Kp,L,A
 5.00,  6750, 1.0, 2.0, 0.3078, 0.3389,Kp,L,A
 3.50,  7000, 1.0, 2.0, 0.2621, 0.3575,Kp,L,A
 4.00,  7000, 1.0, 2.0, 0.2543, 0.3668,Kp,L,A
 4.50,  7000, 1.0, 2.0, 0.2622, 0.3628,Kp,L,A
 5.00,  7000, 1.0, 2.0, 0.2716, 0.3569,Kp,L,A
 3.50,  7250, 1.0, 2.0, 0.2731, 0.3385,Kp,L,A
 4.00,  7250, 1.0, 2.0, 0.2332, 0.3716,Kp,L,A
 4.50,  7250, 1.0, 2.0, 0.2333, 0.3726,Kp,L,A
 5.00,  7250, 1.0, 2.0, 0.2411, 0.3683,Kp,L,A
 3.50,  7500, 1.0, 2.0, 0.2871, 0.3229,Kp,L,A
 4.00,  7500, 1.0, 2.0, 0.2354, 0.3597,Kp,L,A
 4.50,  7500, 1.0, 2.0, 0.2118, 0.3779,Kp,L,A
 5.00,  7500, 1.0, 2.0, 0.2144, 0.3767,Kp,L,A
 3.50,  7750, 1.0, 2.0, 0.2969, 0.3074,Kp,L,A
 4.00,  7750, 1.0, 2.0, 0.2522, 0.3415,Kp,L,A
 4.50,  7750, 1.0, 2.0, 0.2062, 0.3731,Kp,L,A
 5.00,  7750, 1.0, 2.0, 0.1969, 0.3798,Kp,L,A
 3.50,  8000, 1.0, 2.0, 0.2880, 0.3036,Kp,L,A
 4.00,  8000, 1.0, 2.0, 0.2676, 0.3225,Kp,L,A
 4.50,  8000, 1.0, 2.0, 0.2189, 0.3577,Kp,L,A
 5.00,  8000, 1.0, 2.0, 0.1855, 0.3810,Kp,L,A
 3.50,  8250, 1.0, 2.0, 0.2675, 0.3098,Kp,L,A
 4.00,  8250, 1.0, 2.0, 0.2674, 0.3114,Kp,L,A
 4.50,  8250, 1.0, 2.0, 0.2362, 0.3388,Kp,L,A
 5.00,  8250, 1.0, 2.0, 0.1885, 0.3728,Kp,L,A
 3.50,  8500, 1.0, 2.0, 0.2472, 0.3151,Kp,L,A
 4.00,  8500, 1.0, 2.0, 0.2468, 0.3168,Kp,L,A
 4.50,  8500, 1.0, 2.0, 0.2446, 0.3207,Kp,L,A
 5.00,  8500, 1.0, 2.0, 0.2035, 0.3559,Kp,L,A
 3.50,  8750, 1.0, 2.0, 0.2340, 0.3144,Kp,L,A
 4.00,  8750, 1.0, 2.0, 0.2314, 0.3176,Kp,L,A
 4.50,  8750, 1.0, 2.0, 0.2300, 0.3206,Kp,L,A
 5.00,  8750, 1.0, 2.0, 0.2180, 0.3339,Kp,L,A
 3.50,  9000, 1.0, 2.0, 0.2248, 0.3108,Kp,L,A
 4.00,  9000, 1.0, 2.0, 0.2195, 0.3152,Kp,L,A
 4.50,  9000, 1.0, 2.0, 0.2173, 0.3189,Kp,L,A
 5.00,  9000, 1.0, 2.0, 0.2183, 0.3203,Kp,L,A
 3.50,  9250, 1.0, 2.0, 0.2191, 0.3057,Kp,L,A
 4.00,  9250, 1.0, 2.0, 0.2120, 0.3097,Kp,L,A
 4.50,  9250, 1.0, 2.0, 0.2073, 0.3145,Kp,L,A
 5.00,  9250, 1.0, 2.0, 0.2047, 0.3191,Kp,L,A
 3.50,  9500, 1.0, 2.0, 0.2137, 0.3028,Kp,L,A
 4.00,  9500, 1.0, 2.0, 0.2069, 0.3042,Kp,L,A
 4.50,  9500, 1.0, 2.0, 0.2005, 0.3084,Kp,L,A
 5.00,  9500, 1.0, 2.0, 0.1961, 0.3135,Kp,L,A
 3.50,  9750, 1.0, 2.0, 0.2076, 0.3028,Kp,L,A
 4.00,  9750, 1.0, 2.0, 0.2020, 0.3011,Kp,L,A
 4.50,  9750, 1.0, 2.0, 0.1960, 0.3027,Kp,L,A
 5.00,  9750, 1.0, 2.0, 0.1903, 0.3069,Kp,L,A
 3.50, 10000, 1.0, 2.0, 0.2012, 0.3040,Kp,L,A
 4.00, 10000, 1.0, 2.0, 0.1971, 0.3001,Kp,L,A
 4.50, 10000, 1.0, 2.0, 0.1919, 0.2992,Kp,L,A
 5.00, 10000, 1.0, 2.0, 0.1862, 0.3011,Kp,L,A
