# Mean dwarf stellar sequence from Pecaut & Mamajek (2013, ApJS, 208, 9),
# using the maintained table "A Modern Mean Dwarf Stellar Color and Effective
# Temperature Sequence" by E. Mamajek (version 2022.04.16),
# http://www.pas.rochester.edu/~emamajek/EEM_dwarf_UBVIJHK_colors_Teff.txt
# Columns: SpT, Teff [K], BCv, R_Rsun, Mv, B-V, G-V, Bp-Rp, G-Rp, M_G,
# V-Ks, J-H, H-Ks, M_J, M_Ks, Msun.  Empty = not tabulated. Gaia = DR2.
SpT,Teff,BCv,R_Rsun,Mv,BV,GV,BpRp,GRp,M_G,VKs,JH,HKs,M_J,M_Ks,Msun
O3V,44900,-4.01,13.43,-5.80,-0.330,,,,,,,,,,59
O4V,42900,-3.89,12.13,-5.50,-0.326,,,,,,,,,,48
O5V,41400,-3.76,11.45,-5.35,-0.323,,,,,,,,,,43
O5.5V,40500,-3.67,10.71,-5.20,-0.322,,,,,,,,,,38
O6V,39500,-3.57,10.27,-5.10,-0.321,,,,,,,,,,35
O6.5V,38300,-3.49,9.82,-4.95,-0.319,,,,,,,,,,31
O7V,37100,-3.41,9.42,-4.80,-0.318,,,,,,,,,,28
O7.5V,36100,-3.33,8.95,-4.65,-0.317,,,,,,,,,,26
O8V,35100,-3.24,8.47,-4.50,-0.315,,,,,,,,,,23.6
O8.5V,34300,-3.18,8.06,-4.35,-0.314,,,,,,,,,,21.9
O9V,33300,-3.11,7.72,-4.20,-0.312,,,,,-1.000,-0.164,-0.071,-3.44,-3.20,20.2
O9.5V,31900,-3.01,7.50,-4.05,-0.307,,,,,-0.977,-0.161,-0.069,-3.30,-3.073,18.7
B0V,31400,-2.99,7.16,-3.90,-0.301,,,,,-0.958,-0.159,-0.067,-3.17,-2.942,17.7
B0.5V,29000,-2.83,6.48,-3.50,-0.289,,,,,-0.913,-0.153,-0.063,-2.80,-2.587,14.8
B1V,26000,-2.58,5.71,-3.00,-0.278,,,,,-0.874,-0.148,-0.059,-2.33,-2.126,11.8
B1.5V,24500,-2.44,5.02,-2.60,-0.252,-0.021,,,,-0.752,-0.132,-0.047,-2.03,-1.848,9.9
B2V,20600,-2.03,4.06,-1.80,-0.215,-0.008,,,,-0.602,-0.113,-0.032,-1.34,-1.198,7.3
B2.5V,18500,-1.77,3.89,-1.50,-0.198,-0.003,,,,-0.544,-0.105,-0.026,-1.09,-0.956,6.1
B3V,17000,-1.54,3.61,-1.20,-0.178,0.001,,,-1.19,-0.492,-0.098,-0.021,-0.83,-0.708,5.4
B4V,16400,-1.49,3.46,-1.00,-0.165,0.004,,,-0.99,-0.447,-0.092,-0.016,-0.66,-0.553,5.1
B5V,15700,-1.34,3.36,-0.85,-0.156,0.007,,,-0.84,-0.380,-0.084,-0.010,-0.54,-0.376,4.7
B6V,14500,-1.13,3.27,-0.55,-0.140,0.010,,,-0.54,-0.358,-0.081,-0.007,-0.28,-0.192,4.3
B7V,14000,-1.05,2.94,-0.40,-0.128,0.012,,,-0.39,-0.325,-0.077,-0.004,-0.16,-0.075,3.92
B8V,12300,-0.73,2.86,0.00,-0.109,0.016,,,-0.01,-0.254,-0.067,0.003,0.19,0.254,3.38
B9V,10700,-0.42,2.49,0.50,-0.070,0.018,-0.120,-0.036,0.515,-0.121,-0.050,0.016,0.59,0.621,2.75
B9.5V,10400,-0.36,2.45,0.60,-0.050,0.017,-0.087,-0.016,0.615,-0.048,-0.044,0.021,0.63,0.648,2.68
A0V,9700,-0.21,2.193,0.99,0.000,0.015,-0.037,-0.020,1.00,0.041,-0.032,0.028,0.95,0.949,2.18
A1V,9300,-0.14,2.136,1.16,0.035,0.01,0.005,0.032,1.16,0.090,-0.025,0.030,1.08,1.07,2.05
A2V,8800,-0.07,2.117,1.35,0.070,0.00,0.068,0.050,1.345,0.178,-0.012,0.034,1.19,1.172,1.98
A3V,8600,-0.04,1.861,1.70,0.100,-0.005,0.110,0.092,1.69,0.253,0.003,0.035,1.49,1.447,1.86
A4V,8250,-0.02,1.794,1.94,0.140,-0.01,0.166,0.113,1.92,0.353,0.022,0.037,1.65,1.587,1.93
A5V,8100,0.00,1.785,2.01,0.160,-0.015,0.194,0.130,1.98,0.403,0.031,0.038,1.68,1.607,1.88
A6V,7910,0.005,1.775,2.12,0.185,-0.02,0.222,0.152,2.09,0.465,0.043,0.039,1.74,1.655,1.83
A7V,7760,0.01,1.750,2.23,0.210,-0.03,0.263,0.173,2.19,0.528,0.055,0.040,1.80,1.702,1.77
A8V,7590,0.02,1.747,2.32,0.250,-0.04,0.320,0.204,2.27,0.601,0.070,0.042,1.81,1.694,1.81
A9V,7400,0.02,1.747,2.43,0.270,-0.05,0.327,0.207,2.37,0.674,0.086,0.044,1.89,1.756,1.75
F0V,7220,0.01,1.728,2.57,0.295,-0.06,0.377,0.230,2.51,0.734,0.096,0.045,1.98,1.836,1.61
F1V,7020,0.005,1.679,2.76,0.330,-0.07,0.434,0.252,2.69,0.819,0.117,0.047,2.11,1.941,1.50
F2V,6820,-0.005,1.622,2.97,0.370,-0.08,0.490,0.279,2.89,0.925,0.140,0.050,2.24,2.045,1.46
F3V,6750,-0.01,1.578,3.08,0.390,-0.09,0.518,0.293,2.99,0.964,0.148,0.051,2.32,2.116,1.44
F4V,6670,-0.015,1.533,3.20,0.410,-0.10,0.546,0.307,3.10,1.012,0.159,0.052,2.40,2.188,1.38
F5V,6550,-0.02,1.473,3.37,0.440,-0.11,0.587,0.329,3.26,1.079,0.173,0.054,2.52,2.291,1.33
F6V,6350,-0.03,1.359,3.69,0.486,-0.13,0.640,0.356,3.56,1.190,0.199,0.057,2.76,2.50,1.25
F7V,6280,-0.035,1.324,3.80,0.500,-0.14,0.670,0.372,3.66,1.221,0.213,0.060,2.85,2.579,1.21
F8V,6180,-0.04,1.221,4.05,0.530,-0.15,0.694,0.385,3.90,1.290,0.225,0.061,3.05,2.76,1.18
F9V,6050,-0.05,1.167,4.25,0.560,-0.145,0.719,0.399,4.105,1.335,0.236,0.063,3.21,2.915,1.13
F9.5V,5990,-0.06,1.142,4.35,0.580,-0.155,0.767,0.431,4.195,1.403,0.249,0.065,3.26,2.947,1.08
G0V,5930,-0.065,1.100,4.48,0.595,-0.155,0.784,0.439,4.325,1.437,0.262,0.067,3.37,3.043,1.06
G1V,5860,-0.073,1.060,4.62,0.622,-0.158,0.803,0.448,4.462,1.500,0.279,0.070,3.47,3.120,1.03
G2V,5770,-0.085,1.012,4.80,0.650,-0.165,0.823,0.459,4.635,1.564,0.293,0.073,3.60,3.236,1.00
G3V,5720,-0.095,1.002,4.87,0.660,-0.167,0.832,0.464,4.703,1.588,0.299,0.074,3.66,3.282,0.99
G4V,5680,-0.10,0.991,4.93,0.670,-0.173,0.841,0.468,4.757,1.611,0.304,0.075,3.70,3.319,0.985
G5V,5660,-0.105,0.977,4.98,0.680,-0.179,0.850,0.473,4.801,1.635,0.310,0.076,3.73,3.345,0.98
G6V,5600,-0.115,0.949,5.10,0.700,-0.186,0.869,0.483,4.914,1.691,0.324,0.079,3.81,3.409,0.97
G7V,5550,-0.125,0.927,5.20,0.710,-0.194,0.880,0.489,5.006,1.705,0.327,0.080,3.90,3.495,0.95
G8V,5480,-0.14,0.914,5.30,0.730,-0.202,0.900,0.499,5.098,1.768,0.342,0.082,3.96,3.532,0.94
G9V,5380,-0.16,0.853,5.55,0.775,-0.210,0.950,0.524,5.34,1.857,0.364,0.087,4.14,3.693,0.90
K0V,5270,-0.195,0.813,5.78,0.816,-0.227,0.983,0.56,5.553,1.953,0.387,0.091,4.31,3.827,0.88
K1V,5170,-0.23,0.797,5.95,0.857,-0.25,1.01,0.56,5.65,2.06,0.404,0.094,4.39,3.889,0.86
K2V,5100,-0.26,0.783,6.07,0.884,-0.27,1.10,0.62,5.83,2.13,0.427,0.098,4.46,3.938,0.82
K3V,4830,-0.375,0.755,6.50,0.990,-0.32,1.21,0.66,6.20,2.40,0.487,0.109,4.70,4.100,0.78
K4V,4600,-0.52,0.713,6.98,1.090,-0.42,1.34,0.70,6.53,2.70,0.539,0.123,4.91,4.247,0.73
K5V,4440,-0.63,0.701,7.28,1.150,-0.44,1.43,0.74,6.83,2.88,0.568,0.132,5.10,4.397,0.70
K6V,4300,-0.75,0.669,7.64,1.240,-0.51,1.53,0.79,7.02,3.08,0.601,0.148,5.31,4.56,0.69
K7V,4100,-0.93,0.630,8.16,1.340,-0.58,1.70,0.86,7.57,3.35,0.619,0.164,5.59,4.81,0.64
K8V,3990,-1.03,0.615,8.43,1.363,-0.625,1.73,0.88,7.74,3.48,0.626,0.171,5.75,4.95,0.62
K9V,3930,-1.07,0.608,8.56,1.400,-0.66,1.79,0.90,8.03,3.55,0.631,0.180,5.82,5.01,0.59
M0V,3850,-1.15,0.588,8.80,1.420,-0.70,1.84,0.92,8.16,3.65,0.627,0.190,5.97,5.15,0.57
M0.5V,3770,-1.29,0.544,9.20,1.445,-0.76,1.97,0.97,8.44,3.84,0.620,0.208,6.19,5.36,0.54
M1V,3660,-1.42,0.501,9.64,1.485,-0.82,2.09,1.00,8.82,4.00,0.614,0.222,6.48,5.64,0.50
M1.5V,3620,-1.50,0.482,9.85,1.495,-0.87,2.13,1.02,8.98,4.10,0.608,0.227,6.59,5.75,0.47
M2V,3560,-1.62,0.446,10.21,1.505,-0.925,2.23,1.06,9.29,4.23,0.600,0.234,6.81,5.98,0.44
M2.5V,3470,-1.78,0.421,10.61,1.522,-1.02,2.39,1.10,9.67,4.43,0.589,0.244,7.01,6.18,0.40
M3V,3430,-1.93,0.361,11.15,1.53,-1.10,2.50,1.13,10.05,4.60,0.579,0.252,7.38,6.55,0.37
M3.5V,3270,-2.28,0.300,12.10,1.60,-1.28,2.78,1.19,10.87,5.00,0.558,0.269,7.93,7.10,0.27
M4V,3210,-2.51,0.274,12.61,1.65,-1.40,2.94,1.24,11.21,5.25,0.557,0.280,8.20,7.36,0.23
M4.5V,3110,-2.84,0.217,13.58,1.69,-1.54,3.16,1.28,12.04,5.65,0.564,0.301,8.80,7.93,0.184
M5V,3060,-3.11,0.196,14.15,1.83,-1.70,3.35,1.33,12.45,5.95,0.580,0.312,9.09,8.20,0.162
M5.5V,2930,-3.58,0.156,15.30,1.94,-1.95,3.71,1.38,13.35,6.50,0.588,0.329,9.72,8.80,0.123
M6V,2810,-4.13,0.137,16.32,2.01,-2.37,4.16,1.43,14.26,7.10,0.605,0.352,10.18,9.22,0.102
M6.5V,2740,-4.62,0.126,17.10,2.07,-2.70,4.50,1.48,14.40,7.60,0.609,0.360,10.47,9.50,0.093
M7V,2680,-4.99,0.120,17.70,2.12,-2.98,4.65,1.52,14.72,8.00,0.613,0.390,10.70,9.70,0.090
M7.5V,2630,-5.32,0.116,18.16,2.14,-3.15,4.72,1.55,15.20,8.35,0.650,0.422,10.88,9.81,0.088
M8V,2570,-5.65,0.114,18.60,2.15,-3.11,4.86,1.57,15.20,8.70,0.677,0.450,11.05,9.92,0.085
M8.5V,2420,-5.78,0.104,19.20,2.16,-3.09,5.10,1.59,15.90,8.90,0.69,0.465,11.46,10.30,0.080
